3841;1;XXX
5347;1;XXX
5830;1;XXX
5524;1;XXX
4723;1;.NET
5967;1;XXX
6134;1;JavaScript
2347;81;.NET
2156;8;.NET
5672;2;.NET
4057;1;.NET
2877;7;.NET
5558;2;.NET
5693;1;.NET
6035;1;.NET
6422;1;.NET
3107;6;.NET
2435;2;.NET
4038;1;.NET
2851;1;.NET
5698;1;.NET
2449;1;Linux
3172;1;HTML
5626;1;Calypso
5348;1;X
2792;1;X
5822;1;X
1615;2;3Com
1907;2;3Com
2769;1;3D Processing
5516;1;3D Processing
4817;2;3D Processing
4528;1;3D Processing
4790;2;3D Processing
6385;1;3D Processing
2422;2;3D Processing
4905;1;3D Processing
3513;3;XXX
3613;2;XXX
1454;1;SQL
5345;1;XXX
2166;1;A10 Networks
4809;1;XXX
3906;2;XXX
2668;22;SAP ABAP
5450;1;SAP ABAP
5471;3;SAP ABAP
1523;1;Abas ERP
1997;2;Abbyy
2224;2;Abbyy
2971;1;Abby
1845;2;ABRA
1349;1;ABRA
6156;1;Arbes
6052;1;XXX
3693;8;Accenture
3134;1;Accenture
6600;1;Accesibility
2582;10;Access control systems
5208;1;Access control systems
1903;2;Access control systems
6581;2;Accesibility
1731;1;Accord
3972;3;Accounting
3074;1;Accenture
1585;7;Acer
1887;1;ACME
5529;1;XXX
3928;1;XXX
3533;1;XXX
1516;10;Acronis
3845;2;Actionscript
3756;1;Actionscript
4840;1;Actionscript
2421;35;Active Directory
3282;1;XXX
5278;1;ActiveMQ
2225;1;ActivePDF
3383;1;ActiveX
3189;1;XXX
1949;1;Acunetix
3323;10;Active Directory
4896;1;XXX
2327;1;XXX
4134;1;XXX
3446;1;XXX
1738;1;XXX
3042;1;Administration
2464;3;DB
2465;5;Administration
5389;1;Administration
5122;1;XXX
3384;1;XXX
3173;4;XXX
1626;8;Adobe
2561;2;Adobe
3192;1;Adobe
6029;1;Adobe
5134;1;Adobe
2970;4;Adobe
4159;2;Adobe
5894;1;Adobe
6598;1;CSS
5470;1;SAP ABAP
2202;1;XXX
1835;1;XXX
1888;1;XXX
2903;1;XXX
5185;1;XXX
4916;1;XXX
5118;1;XXX
3629;2;Aerospike
4088;2;XXX
1772;1;XXX
3946;1;XXX
2950;52;Agile
3020;1;Agile
5088;1;Agile
5777;1;Agile
4886;1;Agile
5126;1;Agile
3939;1;Agile
5557;1;Agile
2922;1;Agile
4563;1;Agile
6498;1;Agile
5109;1;Agile
5904;1;Agile
4108;1;Agile
6014;1;Agile
6585;1;Agile
2834;12;Agile
3443;11;Agile
5928;1;Agile
5175;2;Agile
6371;1;Agile
5991;1;Agile
4575;1;Agile
4515;2;Agile
5537;1;Agile
5230;1;Agile
5252;1;Agile
6049;1;Agile
6351;1;Agile
4815;1;Agile
1967;1;Agile
3665;1;XXX
4919;1;XXX
3447;1;Architecture
1394;8;AI
5695;1;AI
4305;1;AI
1580;1;Airwatch
4707;1;Airwatch
3454;8;AIX
4898;1;AIX
2882;51;Ajax
2727;12;Ajax
6128;1;Ajax
3833;1;Akamai
4154;2;XXX
1612;1;Aladdin
4368;1;Alamofire
1889;1;Alcatel
4348;1;Alcatel
1762;1;XXX
4256;1;.NET
4276;3;Alfresco
4206;1;Algolia
3487;7;XXX
1406;1;XXX
6338;1;XXX
1878;1;XXX
1633;1;Alien Technology
1544;1;AlienVault
1748;1;XXX
6507;1;XXX
1750;1;Allegran
1732;1;XXX
4918;1;XXX
2226;1;XXX
5168;1;XXX
2320;1;Altaro
1493;1;Altec
4572;2;Alteryx
3666;1;XXX
3349;1;XML
2227;1;Altova
5765;1;Altova
1495;1;Altus Vario
3544;1;XXX
4397;2;Alvao
6111;1;AWS
6213;1;AWS
3396;1;AWS S3
5631;1;AWS
4032;1;AWS
3403;1;AWS
1501;1;BI
1504;1;AmCube
2605;1;AMD
4303;1;Amdocs CRM
3945;1;amCharts
4894;1;AML
3801;1;AMQP
5577;1;AMQP
1648;1;XXX
4503;1;XXX
5459;1;Analýzy
2962;33;Analýzy
3241;5;Analýzy
2943;3;Analýzy
5265;1;Analýzy
3598;1;Analýzy
3417;1;Analýzy
5076;1;Analýzy
3536;5;Analýzy
3682;2;Analýzy
3117;3;Analýzy
3210;1;Analýzy
4451;1;Analýzy
2565;1;Analýzy
3482;1;Analýzy
6065;1;Analýzy
5773;1;Analýzy
6215;1;XXX
6520;1;BPM
6055;1;ODM
2996;1;SQL
3027;1;Android
2073;37;Android
3012;1;Android
2988;1;Android
4738;8;Android
2974;5;Android
4943;2;Android
2982;1;Android
4841;2;Android
2981;1;Android
3038;1;Android
1890;1;ANDTEK
1467;29;Angular
6194;1;Angular
6432;1;Angular
2683;1;Angular
4145;1;Angular
3990;1;Angular
5692;2;Angular
6345;1;Angular
1421;4;Angular
3943;1;Angular
4017;1;Angular
5800;1;Angular
5718;1;Angular
6148;1;Angular
2682;24;Angular
3039;1;Angular
3007;1;Angular
2025;1;XXX
2985;1;Anko DSL
5010;1;Ansi C
2450;15;Ansible
3976;20;XXX
6293;1;XXX
4294;2;Antivirus
5932;1;ANTLR
1458;47;Apache
2744;2;Apache
4171;1;Apache
6251;1;Apache
5045;1;Apache
6030;1;Apache
3774;1;Apache
5635;1;Apache
4802;1;Apache
3265;2;Apache
4757;1;Apache
4808;1;Apache
6162;1;Apache
4743;1;Apache
4773;1;Apache
2696;2;Apache
5676;1;Apache
1558;7;APC
1902;1;XXX
5378;2;Apex
5384;1;Apex
5902;1;Apache
2106;3;API
5319;1;API
2076;1;XXX
5358;1;API
4741;1;API
1548;1;APL
1847;1;Apex
1550;1;Apex
2220;1;Aplis
6606;1;Aplis
4814;1;Apollo
5334;1;Apollo
1786;1;XXX
3028;1;XXX
3803;1;AppDynamics
5379;1;Appian
5722;1;Appium
1990;5;Apple
6624;1;XXX
4940;1;XXX
3471;1;XXX
4941;1;XXX
4264;1;XXX
2647;1;XXX
5771;1;XXX
5650;1;XXX
2053;1;ApplStream
2678;1;Ivanti
2113;1;XXX
5589;1;XXX
5869;1;XXX
1979;1;XXX
6270;1;XXX
5221;2;Arbes
1551;1;Arbes
1441;1;Arcserve
1541;3;Arcserve
5542;1;ArcSight
2880;5;Arduino
6070;1;XXX
1641;1;Argox
5220;1;ArchiCAD
5642;1;ArchiMate
4588;1;ArchiMate
5987;1;ArchiMate
6504;1;Architecture
6426;1;Architecture
2844;11;Architecture
3917;1;Architecture
4751;2;Architecture
3032;1;Architecture
5560;2;Architecture
5677;1;Architecture
3757;2;Architecture
2783;1;Archiving
1500;1;Archiving
6429;1;Architecture
4879;2;Aruba
4883;1;Aruba
6195;1;Aruba
2382;3;ARIS
2153;1;Arista Networks
4768;2;ARM
6636;1;XXX
6267;1;Arquillian
4225;1;Arquillian
1446;1;XXX
6179;1;XXX
1646;1;XXX
4913;1;Artificial Intelligence
5267;1;XXX
1555;11;Aruba
3656;1;Aruba
3770;1;AS400
3954;1;AS400
3884;4;XXX
2876;7;ASP.NET
6586;1;ASP.NET
5562;1;ASP.NET
4925;1;ASP.NET
5901;1;ASP.NET
2360;55;ASP.NET
2357;1;ASP.NET
4936;1;ASP.NET
5942;1;ASP.NET
3554;1;ASP.NET
3170;1;ASP.NET
2838;1;ASP.NET
2897;6;ASP.NET
5061;1;ASP.NET
2861;20;ASP.NET
3290;1;ASP.NET
6578;1;ASP.NET
6271;1;ASP.NET
5971;1;ASP.NET
5970;1;ASP.NET
4182;1;Aspectj
5068;1;Aspose
2219;1;XXX
1848;1;XXX
4273;3;Assembler
2401;1;Assembler
6389;1;Asset Managenet
3767;1;XXX
2750;1;Asterisk
6463;1;Asterisk
1434;2;Asus
1699;1;Asus
1673;1;XXX
1938;1;XXX
3378;1;XXX
1708;11;Atlassian
3255;8;JIRA
6256;1;Atlassian
4900;1;XXX
1582;1;Atollon CRM
3231;1;Testing
2088;3;XXX
1945;1;Attis
1891;1;AudioCodes
1763;1;Audioline
2290;1;AuditPro
4844;1;XXX
1780;1;XXX
1779;1;XXX
3021;8;AutoCAD
5209;1;AutoCAD
2217;1;XXX
2228;1;AutoCAD
3022;1;XXX
6036;1;Autofac
4369;1;XXX
4495;1;Testing
6364;1;Testing
6354;1;Testing
4385;1;Reporting
4222;1;Testing
1906;7;Automation
5925;1;Automation
5308;1;Automation
2086;11;Automation
2798;2;Automation
4382;3;Automotive
6237;2;Automotive
4820;1;Automotive
4345;1;Automotive
5463;1;Automotive
3716;1;XXX
6621;1;XXX
5679;1;XXX
5868;1;XXX
1930;1;XXX
1496;16;Avast
1892;5;Avaya
2055;1;XXX
2229;1;XXX
1820;2;Aver
1875;1;Avery Denisson
1509;6;AVG
6591;1;Avid
6592;1;Avid
1508;4;Avira
4124;1;Avocode
4856;1;XXX
1482;33;AWS
6135;2;AWS
6491;1;AWS
6576;1;AWS
6258;1;AWS
6275;1;AWS
6170;1;AWS
1465;1;AWS
2627;1;AWX
3662;7;Axapta
1692;4;Axis
1445;1;Axle Ai
2230;1;Axure
6572;1;Axure
3201;2;Axure
2164;1;XXX
1956;13;Azure
2896;1;Azure
3217;1;Azure
5021;2;XXX
6455;1;XXX
3492;1;XXX
2948;1;XXX
4689;1;XXX
2924;1;XXX
1448;1;XXX
5711;1;BabelNet
2060;1;BabelNet
4811;1;Backbone.js
6219;1;XXX
4827;1;XXX
3893;1;XXX
3627;1;XXX
1350;10;Backup
6102;1;Backup
4295;1;Backup
4076;1;Backup
4318;1;Backup
3724;1;Backup
6405;1;Backup
5472;1;XXX
2218;1;XXX
6045;1;XXX
3102;8;Bamboo
5167;1;Bamboo
2606;1;Banana Pi
3067;59;XXX
2599;16;XXX
3577;1;XXX
3594;1;XXX
3597;1;XXX
3542;2;BAPI
1382;3;Barracuda Networks
1713;2;Barracuda Networks
2110;1;XXX
2145;1;XXX
2072;53;Bash
2705;4;Bash
2403;1;Bash
2463;2;Bash
4375;3;BASIC
2955;1;BASIC
6284;1;BASIC
6551;1;BASIC
5784;1;BASIC
6514;1;BASIC
2660;1;Basler
3999;1;XXX
4036;1;XXX
4063;1;XXX
6493;1;XXX
5667;1;XXX
4612;1;XXX
4374;1;XXX
1643;1;XXX
3264;1;XXX
4102;1;XXX
1647;2;XXX
1572;1;BenQ
2183;1;BenQ
4709;1;XXX
4710;1;XXX
4711;1;XXX
4870;1;XXX
2332;1;XXX
1739;11;XXX
1366;131;BI
5090;1;BI
2959;6;BI
3500;1;BI
2957;2;BI
6618;2;BI
5180;3;BI
3960;2;BI
2958;10;BI
5807;1;BI
4599;4;BI
5437;3;BI
3212;1;BI
3138;1;BI
5594;1;BI
6489;1;BI
5652;1;BI
2105;1;XXX
2644;15;Big Data
3288;6;Big Data
3283;1;Big Data
1393;10;Big Data
3675;1;Billing Systems
6437;1;Billing Systems
5120;1;Billing Systems
1654;1;XXX
2694;1;BIND
4406;1;BIND
6279;1;XXX
3787;2;XXX
3085;3;XXX
3083;1;XXX
2210;1;XXX
3086;1;XXX
3431;1;XXX
2432;6;Bitbucket
3256;3;Bitbucket
1513;6;Bitdefender
2182;1;Bitdefender
1852;1;XXX
3535;1;BizMachine
6513;1;BizMachine
3300;3;BizTalk Server
5013;1;BizTalk Server
4714;2;BlackBerry
2266;1;BlackBerry
4708;1;BlackBerry
5354;1;BlackBerry
4872;1;BlackBerry
5340;1;XXX
6069;1;XXX
5148;1;XXX
4912;1;Blockchain
1381;3;Blue Coat
5369;1;Blue Prism
2596;3;Blue Coat
5553;1;Blue Coat
1759;1;XXX
2058;1;XXX
1696;1;XXX
5367;1;Blue Prism
4524;1;XXX
3736;4;BMC Remedy
5547;1;BMC Remedy
1491;1;XXX
4010;1;XXX
5000;1;Bootstrap
2433;11;Bootstrap
3996;1;Bootstrap
3995;1;Bootstrap
4908;1;Delphi
5132;1;Delphi
6133;1;XXX
3997;3;Bower
5644;3;BPEL
3198;2;BPI
1367;22;BPM
4470;1;BPML
3306;13;BPMN
2326;1;Brady
4297;1;Brand development
5446;1;BRF+
6614;1;BRMS
3374;1;XXX
1521;4;Broadcom
1329;4;Brocade
5891;1;Brocade
1921;1;XXX
1989;2;XXX
2619;4;BSD
1783;3;XXX
6413;1;XXX
5257;1;XXX
4455;1;XXX
4259;1;XXX
4595;1;XXX
3348;1;XXX
5320;3;XXX
2931;2;XXX
4231;1;XXX
5505;6;Bugzilla
2991;1;XXX
3502;1;ETL
6516;1;XXX
2941;14;Business Analysis
3916;5;Business Analysis
3361;2;Business Analysis
4733;1;Business Analysis
5255;1;Business Analysis
5036;1;Business Analysis
2547;3;Business Analysis
4428;1;XXX
3818;1;XXX
5483;1;XXX
6555;1;XXX
1478;1;XXX
4617;1;BCM
3863;4;XXX
3207;1;BI
2507;1;BI
4937;1;SAP BusinessObjects
4440;3;SAP BusinessObjects
4826;1;SAP BusinessObjects
6024;1;SAP BusinessObjects
5514;1;XXX
2965;10;Business Process
3227;7;Business Process
5861;1;Business Process
5615;1;Business Process
4939;1;Business Process
3313;2;Business Process
5094;1;Business Process
2603;1;Business Process
5749;1;Business Process
5240;1;Business Process
5763;1;Business Process
3358;4;XXX
6602;1;XXX
5602;1;SAP BusinessObjects
3565;1;XXX
1656;2;XXX
2363;66;ANSI C
6077;1;ANSI C
2864;2;ANSI C
5091;1;XXX
2993;13;C/C++
2741;;C/C++
3377;1;C/C++
5258;2;C/C++
6302;1;C/C++
4376;1;C/C++
2129;110;.NET
2496;2;.NET
5907;3;.NET
5900;1;.NET
3992;1;.NET
3004;1;.NET
4015;2;.NET
2364;90;C/C++
4161;3;C/C++
5818;1;C/C++
1586;6;CA Technologies
4720;2;CA Technologies
4340;3;CA Technologies
2637;1;Cacti
2140;2;CAD
5365;1;CAD
2139;1;CAFM
5819;1;XXX
2718;1;XXX
3049;1;XXX
6420;1;XXX
4753;1;XXX
2796;1;XXX
2296;1;XXX
1864;2;XXX
1622;1;XXX
6342;1;XXX
5050;1;XXX
1561;2;Carbon Black
3249;1;XXX
1724;1;XXX
5158;1;XXX
2563;1;Caris
4373;1;XXX
5276;1;XXX
5758;1;CSS
3602;1;XXX
5519;1;XXX
1834;1;XXX
5548;1;XXX
6252;1;XXX
5844;1;XXX
2027;1;XXX
1778;1;XXX
4643;1;XXX
3885;3;CCDP
4965;1;XXX
4966;1;XXX
4968;1;XXX
2413;1;XXX
3319;11;Cisco CCNA
3657;1;Cisco CCNA
4780;1;Cisco CCNA
4106;2;Cisco CCNA
3064;1;Cisco CCNA
4645;1;Cisco CCNA
4644;1;Cisco CCNA
4640;4;Cisco CCNP
4642;1;Cisco CCNP
4953;1;Cisco CCNP
3883;1;Cisco CCNP
6501;1;Cisco CCNP
4964;1;Cisco CCNP
3886;1;XXX
5207;2;CCTV
2028;1;CCTV
3896;1;XXX
3616;1;XXX
2265;1;XXX
2406;1;XXX
1913;10;CentOS
6461;1;CentOS
4401;1;XXX
3932;1;ITIL
6465;1;CEH
6057;1;XXX
3735;1;SQL
5030;1;SAFe
6291;1;Scrum
3410;1;Dell EMC
3978;1;SharePoint
4003;1;MCPD
5461;1;Power BI
5966;1;CEH
4227;1;XXX
6223;1;Cisco WAN
5213;1;ECDL
3243;1;IBM
5802;1;XXX
5324;1;ITIL
4874;1;ITIL
5338;1;ITIL
4604;1;ITIL
4292;1;Java
4950;1;LPI-1
3873;1;Windows Server
4020;1;MCTS
4592;1;PRINCE2
6565;1;XXX
6010;1;Selenium WebDriver
6117;1;Schufa DSS
2082;1;XXX
6340;1;XXX
3759;3;XXX
6587;1;XXX
3847;1;CI/CD
5629;1;CI/CD
5283;1;CICS
5364;1;CIMA
1564;3;Cipher PROSEGUR
6471;1;React
6206;1;XXX
3650;3;CISA
3872;1;Cisco
1383;100;Cisco
6123;2;Cisco
5829;1;Cisco
4415;2;Cisco
3655;3;Cisco
2573;1;Cisco
5831;1;Cisco
6417;1;Cisco
2994;3;Cisco
4824;2;Cisco
5552;1;Cisco
4931;1;Cisco
4891;1;Cisco
4639;2;Cisco Nexus
2424;2;Cisco
4447;2;Cisco
4969;1;Cisco
2423;3;Cisco Switch
4952;1;Cisco Switch
6485;1;Cisco
3831;4;Cisco
4629;4;Cisco
4699;1;Cisco
6416;1;Cisco
3877;3;CISSP
2354;1;XXX
1525;29;Citrix
2576;1;Citrix
4392;1;Citrix
4337;1;Citrix
2570;1;Citrix
3216;2;XXX
1461;1;XXX
4847;1;Clang
1746;1;Clareo
3909;1;Clarity PPM
6151;1;ASP
1579;1;Clavister
3281;1;XXX
5774;2;XXX
6300;1;XXX
2307;1;XXX
6511;2;ClearQuest
2355;1;XXX
3011;3;XXX
5903;1;XXX
5234;1;XXX
6140;1;XXX
6239;1;XXX
6474;1;Clojure
2351;1;Clojure
1666;11;XXX
3331;13;Cloud computing
2542;8;Cloud computing
2786;2;Cloud computing
5058;1;Cloud computing
6401;1;Cloud computing
5630;1;Cloud computing
5636;1;Cloud computing
3479;1;Cloud computing
1630;26;Cloud Provider
4611;1;Cloud computing
4220;1;Cloud computing
1838;1;Cloud computing
3268;1;Cloudera
3834;1;Cloudflare
6261;1;Cloud computing
1348;4;Cloud Provider
3558;1;Cloud computing
2641;10;Clustering, HA
2431;2;Clustering, HA
3451;1;Clustering, HA
1727;1;XXX
3400;1;XXX
4577;1;XXX
4309;3;CMMI
1375;14;CMS
6564;1;XXX
6176;1;CNC Programing
5399;1;SAP CRM
5034;1;XXX
3421;1;XXX
3572;1;XXX
5031;1;XXX
5854;1;COBAC
4576;4;COBIT
4890;1;COBIT
6419;1;COBIT
3215;3;Cobol
6317;1;Cobol
3156;2;CocoaPods
4372;2;CocoaPods
4370;1;CocoaPods
4200;1;XXX
4863;1;XXX
5628;1;XXX
4920;1;XXX
2655;1;XXX
1998;1;CodeTwo
2759;4;XXX
6064;1;XXX
4142;2;CoffeeScript
4135;1;CoffeeScript
1880;1;XXX
3197;15;IBM Cognos
4024;1;IBM Cognos
4825;1;IBM Cognos
2152;1;XXX
3060;1;XXX
5022;1;XXX
5245;1;XXX
5003;1;XXX
3382;1;XXX
1911;1;XXX
2325;1;XXX
3680;5;XXX
4892;1;XXX
2328;1;Communitake
1442;4;Commvault
6217;1;XXX
1695;1;XXX
4458;1;XXX
6593;1;XXX
4621;1;XXX
4816;2;XXX
6445;1;XXX
4216;1;XXX
4608;3;IT Security
5834;1;XXX
6200;1;XXX
1336;1;XXX
1674;1;XXX
4778;1;XXX
6382;1;XXX
3790;6;SAP Concur
6012;1;SAP Concur
4795;1;XXX
6512;1;XXX
2251;1;XXX
1992;21;Confluence
5531;1;Confluence
3186;2;IBM Cognos
3258;1;IBM Cognos
4659;1;Backup
5077;1;XXX
5352;1;XXX
6609;1;Conrete5
4055;1;Consul.io
4263;1;XXX
3452;3;XXX
3929;2;XXX
3702;1;XXX
4357;1;XXX
3959;1;XXX
2904;29;XXX
3297;10;XXX
5503;1;XXX
4452;1;XXX
5793;1;XXX
3654;1;XXX
5790;1;XXX
5994;1;XXX
5539;1;XXX
5923;1;XXX
6094;1;XXX
3957;3;XXX
5585;2;XXX
6093;1;XXX
6199;1;XXX
3734;1;XXX
4242;2;XXX
4023;1;XXX
2356;1;XXX
1749;1;XXX
2780;4;CopyWriting
5008;2;CopyWriting
6196;1;XXX
3341;1;XXX
5611;1;XXX
6484;1;XXX
5921;1;XXX
4843;1;XXX
4007;2;XXX
5737;1;XXX
1870;2;Corel
6566;1;Corel
5757;1;Corel
4402;1;XXX
4298;1;XXX
5196;1;XXX
2594;1;XXX
6603;1;XXX
2330;1;CoSoSys
2911;1;XXX
6423;1;XXX
5732;2;Couchbase
4054;2;CouchDB
5172;1;Coursera
1952;2;CPM
1987;2;CPQ
5398;1;XXX
4095;1;XXX
5460;1;XXX
5027;1;XXX
5441;1;XXX
5608;1;XXX
6022;1;XXX
5434;1;XXX
4514;1;XXX
5610;1;XXX
2029;1;XXX
1893;1;XXX
5224;2;XXX
1360;135;CRM
2593;1;CRM
5860;1;CRM
3239;1;CRM
1789;1;CRM
1917;1;CRM
1387;1;XXX
1653;1;XXX
6298;1;XXX
3140;5;Crystal Reports
5092;1;Crystal Reports
3878;1;Cisco
2253;1;XXX
5131;1;XXX
2128;195;CSS
5515;5;CSS
4996;2;CSS
4810;;CSS
6579;1;CSS
2488;3;CSS
4138;1;CSS
4214;1;CSS
2679;20;CSS
6129;1;CSS
6181;1;CSS
4739;1;CSS
4955;1;CSS
6288;1;CSS
4101;2;CSS
3711;1;CSV
5762;1;CTAL TM
5761;1;CTAL TM
6363;1;CTAL TM
6421;1;CTAL TM
4130;1;CTAL TM
6003;1;XXX
5289;1;XXX
4399;1;XXX
1374;5;Custom Development
1472;141;Custom Development
5170;1;XXX
6459;1;XXX
6054;1;XXX
5530;1;XXX
3103;4;XXX
4073;2;XXX
5342;1;XXX
3043;1;XXX
5546;1;XXX
2185;1;XXX
2626;8;CVS
3411;1;CVS
5086;2;CX
1526;6;CyberArk
1407;2;CyberArk
1603;1;CyberSOC
1514;1;XXX
6374;1;XXX
6255;1;XXX
4610;1;XXX
1829;1;XXX
1589;2;D-Link
2337;1;D-Link
4226;4;D3.js
4092;1;D3.js
5601;1;DWH
2979;3;Dagger2
6434;1;XXX
2030;1;XXX
4167;2;XXX
3541;1;XXX
3540;1;XXX
3208;1;XXX
6292;1;XXX
3225;20;Data analysis
2036;10;Data analysis
2643;8;Data analysis
2810;1;Data analysis
3692;1;Data analysis
6612;1;XXX
3515;9;Data Center
4476;6;Data Center
3874;1;Data Center
3133;1;XXX
3274;1;XXX
3694;2;XXX
4208;1;XXX
3894;1;XXX
4619;1;XXX
1667;1;XXX
2918;19;Data Migration
3260;10;Data Migration
2782;12;Data Mining
3947;1;Data Mining
4435;1;Data Mining
2776;1;Data Mining
3118;23;Data Modeling
2785;1;XXX
2600;1;XXX
3368;1;XXX
4291;1;XXX
5653;1;XXX
2960;1;XXX
4011;1;XXX
5247;3;Data Science
3394;1;Data Science
4022;1;Data Science
1794;1;Data Science
6577;1;Data Science
5248;1;Data Science
6063;1;DWH
3695;1;DWH
3205;22;DWH
5171;4;DWH
5859;1;DWH
4663;1;XXX
1853;1;XXX
1792;9;Data Analysis
2645;11;Databases
3868;1;Databases
3892;1;Databases
4986;1;Databases
6184;1;Databases
2937;4;Databases
4107;1;Databases
5909;1;Databases
4550;1;Databases
4983;1;Databases
4441;1;Databases
4981;1;Databases
2846;100;Databases
4355;1;Databases
4356;8;Databases
5874;1;Databases
4658;1;Data Center
1863;2;XXX
2011;1;XXX
1950;1;XXX
1685;1;XXX
1637;5;Datalogic
1802;1;XXX
1642;1;XXX
1872;1;XXX
1370;2;XXX
1398;1;XXX
1488;2;XXX
4456;2;DWH
5949;1;XXX
1725;1;XXX
2516;1;XXX
2221;1;XXX
2670;1;Databases
2761;16;Databases
3723;1;Databases
5605;1;Databases
5256;1;Databases
5843;1;Databases
3904;11;Databases
3869;1;Databases
4186;1;XXX
2828;0;XXX
2180;3;Data Center
3528;1;XXX
5730;1;XXX
6198;1;XXX
4922;1;XXX
3519;1;XXX
2276;1;XXX
2419;16;Debian
6090;1;Debian
4725;1;Debian
4429;1;XXX
6211;1;XXX
2198;1;XXX
4701;1;XXX
6387;2;XXX
5318;1;XXX
5878;1;XXX
6505;1;XXX
1335;53;Dell
1439;11;Dell EMC
1894;4;Dell EMC
2380;8;Delphi
6503;1;Deltatre
6037;1;XXX
3333;3;XXX
6092;1;XXX
3068;1;XXX
4884;1;XXX
2109;1;XXX
4118;3;XXX
3918;1;XXX
6235;1;XXX
3663;1;XXX
3974;7;XXX
2855;5;XXX
5746;1;XXX
3237;1;XXX
3125;3;XXX
5561;2;XXX
3624;4;XXX
3238;1;XXX
3326;1;XXX
2963;4;XXX
5595;3;XXX
5794;2;XXX
4845;1;C/C++ 
5474;1;XXX
2954;1;Oracle SQL
2863;3;DevExpress
3391;1;DevExpress
1999;2;DeviceLock
2470;17;DevOps
2398;12;DHCP
3898;1;XXX
2972;1;XXX
1707;1;XXX
4867;1;XXX
3087;1;XXX
1920;1;XXX
5554;1;Digital Guardian
4497;1;XXX
2902;2;XXX
4975;1;XXX
4788;1;XXX
6297;1;XXX
4085;1;XXX
3480;1;XXX
2801;1;XXX
5181;1;XXX
2223;1;XXX
2601;1;XXX
2538;1;XXX
4499;1;XXX
3566;1;XXX
1932;1;XXX
3835;5;Disaster Recovery
3866;1;Disaster Recovery
5892;1;Disaster Recovery
4219;1;Distributed Systems
5915;1;Distributed Systems
5961;1;Distributed Systems
6240;1;Distributed Systems
2452;10;Django
4091;3;Django
1520;3;DLP
1356;46;DMS
2417;27;DNS
2653;1;DNS
3712;1;DNS
2701;1;DNS
2702;1;DNS
1669;1;XXX
4491;1;XXX
5997;1;XXX
4151;2;Docker
1428;47;Docker
2998;4;Docker
2367;1;Docker
4195;1;Docker
2722;4;Doctrine
5337;1;Doctrine
6290;1;Doctrine
1503;1;DOCU-X
5624;1;OCR
5864;1;XXX
6619;1;XXX
6406;1;XXX
2133;1;XXX
3802;1;XXX
1462;1;Dovecot
2746;1;Dovecot
1733;1;XXX
1449;1;Disaster Recovery
1977;1;XXX
1961;1;XXX
4472;1;Photoshop
3925;1;Dreamweaver
3859;1;XXX
2731;9;Drupal
6126;1;Drupal
4756;1;DSL
4277;2;DTD
3705;1;XXX
5227;1;XXX
2277;1;Duna EIS
6028;1;XXX
1958;2;DWH
5654;1;DWH
1395;34;DWH
3233;1;DWH
3229;1;DWH
2234;1;XXX
2121;1;XXX
1361;17;Dynamics 365
3309;1;Dynamics 365
2022;3;Dynamics 365
1704;4;Dynamics 365
6257;1;DynamoDB
3823;1;DynamoDB
4695;1;Dynatrace
5447;1;Dynpro
3516;8;e-commerce
3639;2;e-commerce
5095;2;e-commerce
1854;1;XXX
4463;1;XXX
4070;1;XXX
4855;1;XXX
4308;2;EAI
1955;3;EAM
6051;1;XXX
2063;1;Easy Project
2147;1;Easy CRM
2026;1;Easy Project
1595;1;EATON
2322;1;EATON
4683;1;XXX
6490;1;AWS EC2
5106;1;ECDL
6451;1;ECDL
3057;49;Eclipse
5274;2;Eclipse
1933;7;ECM
4160;1;Ecmascript
4836;1;Ecmascript
3924;2;e-commerce
4597;1;e-commerce
1777;1;XXX
3065;1;XXX
4888;1;XXX
1816;1;XXX
2189;1;XXX
5731;1;XXX
1819;11;EDI
4454;1;EDI
1726;1;Edimax
2031;1;Editel
5198;1;Editing
5533;1;EditPlus
5622;1;XXX
5787;1;XXX
6119;1;XXX
2013;1;XXX
4060;2;EF Core
4590;1;EF Core
6248;1;EF Core
3601;1;XXX
2021;2;eGovernment
2222;1;eGovernment
6308;1;XXX
1702;7;eHealth
1971;1;XXX
4948;1;EIGRP
1352;23;EIS
1623;1;EIZO
1939;1;EIZO
3285;20;EJB
6310;1;EJB
3821;1;XXX
1600;1;XXX
2308;3;Elasticsearch
5632;1;Elasticsearch
4155;1;Elasticsearch
2895;13;Elasticsearch
3836;3;Elasticsearch
6096;1;Elasticsearch
4238;1;XXX
5969;1;XXX
1877;1;XXX
5934;1;XXX
6230;1;XXX
3715;1;XXX
2329;1;EMA
2630;2;Email Solutions
2379;1;Email Solutions
3520;1;Email Solutions
2899;1;Email Marketing
2900;1;Email Marketing
4296;1;Email Marketing
1844;1;Email Security
4849;1;Embedded systems
6131;1;Embedded systems
4917;2;Embedded systems
5968;1;Embedded systems
6241;1;Embedded systems
4141;1;EmberJS
1507;11;EMC
3328;1;EMC
4448;2;EMC
5888;1;EMC
4125;1;XXX
6492;1;XXX
2000;1;XXX
1334;1;Emulex
3967;1;EnCase
2206;3;Encryption
5049;1;XXX
4518;1;XXX
3549;3;XXX
5380;1;XXX
5205;1;XXX
5473;;XXX
6631;0;XXX
5612;1;Enterprise Architect
2130;10;Enterprise Architect
4270;1;Enterprise Architect
2554;1;Enterprise Architect
3211;8;Enterprise Architect
2949;6;Enterprise Architect
5866;1;Enterprise Architect
6359;1;Enterprise Architect
5620;1;ECM
5750;1;XXX
5169;1;EPM
5052;2;XXX
6400;1;XXX
5523;1;Enterprise Architect
6040;1;XXX
2835;16;Entity Framework
2889;1;Entity Framework
3993;1;Entity Framework
1912;1;ERP
3773;1;EPAM Systems
6388;1;EPAM Systems
1865;1;Episerver Gold
2794;1;EPM
1970;1;ePRIVACY
1621;2;Epson
2151;1;Equinix
6408;1;Ericsson
5374;1;Erlang
6227;1;Erlang
2165;1;XXX
1347;166;ERP
4516;2;ERP
1800;1;ERP
2212;1;ERP
4866;2;ERP
2232;1;Erwin
4099;3;ES6
6150;1;ES7
3476;1;ES8
1826;1;eSADA
5639;2;ESB
1408;44;ESET
2335;10;ESET
6634;1;eSignature
2194;1;ESKO CRM
2195;1;ESKO GDPR
1915;1;Eso/es ERP
2032;1;ESP
5916;1;Esper
2084;1;Esser
6464;1;ESXi
1813;1;Esyco business
4056;1;Etcd
4594;1;Fujitsu ETERNUS
5112;1;Enterprise Architect
5249;1;XXX
3658;4;Ethernet
2790;2;Ethical Hacking
2476;24;ETL
6476;1;ETL
5203;1;ETL
3501;1;ETL
3136;1;ETL
4213;1;ETL
4049;2;eTOM
1814;1;eTransys
3615;1;EVDO
4923;1;XXX
3531;2;XXX
3356;1;XXX
4603;2;XXX
5371;1;EViews
6286;1;XXX
1841;2;eWAY CRM
5405;1;XXX
5490;1;XXX
3353;1;MS Excel
4388;1;MS Excel
5508;1;MS Excel
5481;1;XXX
3570;1;XXX
4312;3;MS Exchange
3553;1;MS Exchange
4408;1;XXX
2344;1;exinda
1549;1;Expert ERP
5724;1;Express.js
5797;1;Express.js
4168;2;Express.js
6115;1;Exstream Software
3758;3;Ext JS
2309;1;XXX
1527;4;Extreme Networks
1411;1;F-Secure
5959;2;XXX
1379;12;F5 Networks
1940;1;F5 Networks
1714;2;F5 Networks
2196;1;Fabasoft
3634;2;XXX
4212;1;XXX
5527;1;XXX
4665;1;XXX
6259;1;AWS Fargate
5084;1;XXX
4381;1;XXX
6204;1;XXX
4021;4;FCE
4646;1;XXX
6245;1;XXX
5484;1;XXX
2445;4;Fedora
4944;1;XXX
2102;1;XXX
6472;1;XXX
5432;1;XXX
5436;1;XXX
5433;1;XXX
1717;2;Fidelis
2056;1;XXX
5382;1;XXX
3643;1;XXX
5726;1;XXX
3811;1;XXX
5625;1;XXX
4325;1;XXX
6590;1;XXX
6391;2;XXX
3583;7;XXX
3599;2;XXX
3209;1;XXX
3532;1;Financial Analysis
5163;1;Financial Analysis
5871;1;Financial Analysis
4889;1;Financial Analysis
6601;1;Financial Analysis
6023;1;Financial Analysis
3530;1;Financial Analysis
3607;1;Financial Analysis
3921;2;Financial Analysis
5453;1;FIORI
5422;1;FIORI
3029;4;Firebase
1451;4;Firebird
3556;2;Firebird
1409;3;FireEye
2631;1;XXX
2001;1;Firetrust
2522;1;Firewalls
4315;1;Firewalls
6630;1;Firewalls
3148;14;Firewalls
4636;1;Firewalls
2257;1;XXX
5290;1;XXX
2615;1;XXX
4248;1;XXX
4241;3;Flash
4343;1;Flash
4839;1;Flash
3398;2;Flask
3977;3;Flex
5014;1;Flex
2646;1;Flexibee
4492;1;XXX
1868;1;Flores ERP
4204;1;XXX
1371;23;Flowmon
4960;1;Flowmon
6254;1;XXX
5634;1;XXX
4166;3;Flutter
3477;1;Angular
5001;1;XXX
3586;2;XXX
6542;1;FMEA
3965;1;FogBugz
2263;1;XXX
5465;1;XXX
5886;1;XXX
1410;5;Forcepoint
1941;3;Forcepoint
5218;2;Forecasting
4533;1;XXX
3881;1;XXX
3966;1;XXX
4387;1;XXX
1386;27;Fortinet
5706;1;XXX
3632;1;XXX
4703;1;XXX
4852;2;FPGA
4901;3;Frame Relay
6000;1;XXX
6041;1;XXX
3605;1;XXX
2377;6;FreeBSD
3220;40;XXX
3771;3;XXX
2368;1;XXX
3122;1;XXX
2664;1;XXX
3839;1;XXX
4831;1;XXX
3041;1;XXX
4030;4;Front-end development
6124;1;Front-end development
4174;1;Front-end development
4736;2;Front-end development
5710;2;Front-end development
4119;2;Front-end development
6494;1;Front-end development
4157;1;Front-end development
3625;1;Front-end development
2692;2;XXX
3799;1;XXX
1929;1;XXX
1331;1;XXX
4692;1;XXX
1436;24;Fujitsu
1620;1;Fujitsu
6276;1;Full stack Developer
6303;1;Full stack Developer
6573;1;Full stack Developer
3623;1;Full stack Developer
6168;1;Full stack Developer
2890;1;Full stack Developer
5704;1;Functional Analysis
6047;1;Functional Analysis
3202;1;Functional Analysis
4230;3;Functional Testing
5315;1;Functional Testing
3707;1;XXX
1426;10;Google Workspace
1980;2;XXX
5295;4;Game Design
5955;1;Game Design
4527;3;Game development
4932;1;Game development
5937;1;Game development
5296;1;Game Testing
5314;1;Game Testing
4377;1;Game development
4323;1;XXX
4431;1;GAP Analysis
4517;1;GAP Analysis
5597;1;XXX
4283;1;XXX
4097;1;GatsbyJS
4846;1;GCC
3463;2;Google Cloud Platform
1962;1;XXX
1487;14;GDPR
2770;1;GDPR
1388;6;Gemalto
1895;2;XXX
6287;1;XXX
2622;2;XXX
1886;2;Geoportaly
1885;2;Geoportaly
2134;2;XXX
2272;1;XXX
3677;1;XXX
1510;8;GFI
4521;1;GFI MailArchiver
5311;1;XXX
2310;1;Gigamon
5149;1;XXX
1904;1;GINIS ERP
3321;1;GIS
6294;1;GIS
2365;155;Git
2859;15;Git
3469;13;Git
6309;1;Git
3162;1;Git
3163;1;Git
3815;1;Git
2756;6;Github
5009;5;Github
4444;1;Github
3040;5;GitLab
2366;3;GitLab
3780;2;GitLab
4197;1;GitLab
6263;1;GitLab
4187;3;Glassfish
1781;1;XXX
1924;1;XXX
3014;1;XXX
2736;3;Linux
5936;1;XXX
3460;4;Golang
6402;1;Golang
2724;4;Golang
2404;1;Golang
4989;1;XXX
1957;2;XXX
1751;2;Google
2448;2;Google Adwords
3424;2;Google Adwords
4082;1;Google Adwords
3051;11;Google Analytics
3560;3;Google Analytics
3423;2;Google Analytics
3048;1;Google
3284;2;Google App Engine
5964;1;Google
1657;2;Google Workspace
4034;2;Google
5696;1;Google
3636;2;Google
4781;1;Google Closure
5801;1;Google Closure
2409;2;Google Cloud Platform
3464;5;Google Cloud Platform
4420;1;Google Data Studio
3635;1;Google
3944;1;Google
3427;1;Google
6165;1;XXX
1552;23;GOV
1601;1;GOV
3652;2;XXX
4519;2;XXX
3614;1;XXX
5618;1;XXX
5742;1;XXX
6264;1;XXX
1808;1;XXX
3037;6;Gradle
3000;1;Gradle
5555;2;Grafana
4475;1;Grafana
4253;1;Grafana
6018;1;XXX
4120;1;XXX
4153;5;Grails
1784;1;XXX
3751;6;Graphic Design
4329;3;Graphic Design
3157;7;GraphQL
6081;1;GraphQL
5556;1;Graylog
1528;2;XXX
5963;1;XXX
5882;1;XXX
5073;1;XXX
4179;10;Groovy
1422;1;Groovy
3776;1;Groovy
4501;3;Group Policy
4627;1;Group Policy
5568;2;Group Policy
3053;1;GruntJS
4129;1;GruntJS
6032;1;GruntJS
6153;2;GruntJS
1770;1;XXX
1815;3;XXX
3611;6;XXX
4366;1;XXX
4203;3;Gulp
4128;1;Gulp
5910;1;Gulp
4005;2;Gulp
4069;1;XXX
3691;4;XXX
4536;1;XXX
1856;1;XXX
4188;1;XXX
5729;1;XXX
2758;4;High Availability
1855;1;XXX
4033;1;XXX
2162;9;Hadoop
6154;1;XXX
5451;1;SAP HANA
5449;1;SAP HANA
5454;1;SAP HANA
2081;2;HA
5836;1;XXX
4365;1;Haskell
5689;1;XXX
2808;4;HCM
6444;1;XXX
2003;1;HeatSoft
6521;1;XXX
1571;23;Helios
3824;1;XXX
3832;1;XXX
5578;1;XXX
3458;2;XXX
3578;1;XXX
1882;4;Hewlett Packard
2933;72;Hibernate
5581;1;Hibernate
6218;1;Hibernate
1689;2;XXX
6216;1;XXX
3730;2;High Availability
3867;2;High Availability
2640;1;High Availability
2015;1;XXX
3158;1;XXX
2167;1;XXX
1910;1;XXX
1326;10;Hitachi
6330;1;Hive
6319;1;HLASM
3026;1;HLSL
4254;1;HomeConnect
1573;8;Honeywell
2047;5;Hosting Solutions
4407;1;Hosting Solutions
1365;1;Hotdocs
4718;1;XXX
1730;5;XXX
1400;67;Hewlett Packard
6009;2;Hewlett Packard
5279;1;Hewlett Packard
5059;1;Hewlett Packard
3726;1;HP DataProtector
4715;1;HP DataProtector
5566;1;Hewlett Packard
5053;1;Hewlett Packard
4693;1;Hewlett Packard
5056;1;Hewlett Packard
5262;6;HP Quality Center
5307;2;HP Quality Center
5507;1;HP Quality Center
4400;1;Hewlett Packard
2562;1;Hewlett Packard
4544;4;HP-UX
1476;29;Hewlett Packard Enterprise
3096;5;Hewlett Packard
4667;1;Hewlett Packard
3095;2;Hewlett Packard
6530;1;HP Quality Center
5157;3;XXX
5476;2;XXX
4601;1;XXX
1353;26;HRM
2187;1;XXX
4851;1;XXX
3360;1;HTML
2374;202;HTML
3755;3;HTML
5110;1;HTML
6580;1;HTML
5952;1;HTML
3457;1;HTML
1423;2;HTML
2485;70;HTML
2713;1;HTML
4026;1;HTML
6337;1;HTML
6596;1;HTTP/S
3794;1;HTTP/S
1559;7;Huawei
2168;1;Huaweo
1701;8;HW
6448;1;HW
2946;1;XXX
1649;1;XXX
1822;19;Hyper-V
6428;1;Hyper-V
3973;1;Oracle Hyperion
2521;1;Hyper-V
4482;1;Hyper-V
5721;1;XXX
2345;1;Chainstack
3548;10;Change management
2540;3;Change management
3568;3;Change management
5161;2;Change management
4688;2;Chatbot
2775;1;Chatbot
1376;13;Check Point
1412;3;Checkmarx
1524;9;Check Point
2400;1;Check Point
5828;1;Check Point
6062;1;Check Point
5467;1;XXX
3861;1;XXX
3857;1;XXX
5291;1;XXX
3066;1;XXX
5162;1;XXX
1799;1;i/2 ERP
2831;1;XXX
4538;1;XXX
3846;1;XXX
1517;3;XXX
6220;1;XXX
2016;1;XXX
2002;1;XXX
1368;100;IBM
3933;1;IBM
4875;1;IBM
4490;3;IBM AIX
4987;1;IBM AIX
4147;1;IBM
3257;2;IBM
5748;2;IBM
3244;1;IBM
3914;1;IBM
3261;2;IBM Cognos
3203;1;IBM Cognos
5361;1;IBM Cognos
5623;1;IBM Content Manager
5599;1;IBM DataStage
3307;3;IBM DB3
6167;1;IBM HCL
5564;1;iBM i Systems
3262;1;IBM Informatica
3903;1;IBM InfoSphere DataStage
6166;1;IBM Lotus Domino
2408;1;IBM Minsky
1965;1;IBM QRADAR
6541;1;IBM Rational tools
4897;1;IBM S391
1369;2;IBM SPSS
4449;1;IBM Storage
3837;1;IBM WAS
1557;6;IceWarp
2443;3;Icinga
6099;1;Icinga
4474;1;Icinga
3797;1;ICMP
3948;2;XXX
1846;1;XXX
1817;1;XXX
5075;1;XXX
2597;2;Identity Management
4618;1;Identity Management
1883;5;Identity Management
5778;1;Identity Management
6066;1;Identity Management
6457;1;Identity Management
4687;1;XXX
3406;1;XXX
3543;6;IDOC
4465;1;IDOC
5416;1;IDOC
2248;1;IDOC
4633;1;XXX
5699;1;Infor
4537;1;IFS Aplikace
1954;1;IFS Aplikace
1492;1;IFS Aplikace
1355;3;IFS Aplikace
2104;1;XXX
1562;3;Igel
3097;21;IIS
3176;1;IIS
1876;1;XXX
3854;1;Illustrator
4240;1;Illustrator
3667;5;Illustrator
5543;1;XXX
6613;1;XXX
3088;1;XXX
5119;1;XXX
2638;1;IMAP
6533;1;iMarcos
3855;2;XXX
5873;1;XXX
2213;1;XXX
1634;2;XXX
2956;1;Siebel CRM
4893;1;XXX
3931;1;ERP
3772;1;XXX
4954;1;Cisco IOS
5284;1;XXX
1788;1;Inception CRM
4543;4;Incident management
4423;3;Incident management
6403;1;Incident management
6059;1;Incident management
3748;3;InDesign
1466;1;Industry 4.0
3862;2;XXX
2829;0;XXX
4473;1;XXX
1953;1;XXX
1690;2;InfoBlox
1896;1;InfoBlox
4419;1;XXX
2176;1;INFOpower ERP
1981;7;Infor
2249;1;Infor
6283;1;Infor
2160;13;Informatica
3732;1;Informatica
5600;1;Informatica
5606;1;Informatica
3505;1;XXX
6570;1;XXX
4607;2;Information security
2598;1;Information security
4615;1;Information security
4613;1;Information security
3699;1;Information security
3372;1;XXX
4812;1;XXX
5688;1;Informix
1327;2;Infortrend
2288;1;Infosim
3448;4;Infrastructure
3294;1;Infrastructure
3870;1;Infrastructure
2378;1;Infrastructure
2125;1;Infrastructure
1951;2;Ingenico
3075;1;Ingres
5150;1;Inkscape
1545;1;Innovaphone
2117;2;XXX
5078;1;XXX
1857;1;Inside Software
4442;1;XXX
3295;1;XXX
3389;1;XXX
6357;1;XXX
4690;1;XXX
5646;1;XXX
4686;1;XXX
4547;2;Integration
2919;89;Integration
3236;17;Integration
6048;1;Integration
6431;1;Integration
5487;1;Integration
4887;1;Integration
2927;5;Integration Testing
3596;3;Integration Testing
2961;1;XXX
6430;1;XXX
2667;1;Integromat
1596;5;Intel
1628;1;Intel
1719;1;Intel
2075;1;IntelliJ IDEA
6559;1;IntelliJ IDEA
3055;8;IntelliJ IDEA
4190;3;IntelliJ IDEA
4786;3;IntelliJ IDEA
3752;1;Interaction Design
5707;1;Interaction Design
3555;1;InterBase
5687;1;InterBase
5613;1;XXX
4457;1;XXX
5239;1;Integration
4307;4;Integration
4789;1;XXX
5420;1;XXX
5195;1;XXX
5509;1;XXX
5584;1;XXX
5074;1;XXX
6001;1;XXX
5362;1;XXX
3414;3;Internet banking
3337;2;Internet banking
4316;1;XXX
5616;1;IoT
3880;1;Internet Security
1613;1;Internet Security
5200;1;XXX
5744;1;XXX
4958;1;XXX
1866;1;XXX
5201;2;Intranet
5005;1;XXX
4712;1;XXX
1960;1;XXX
1936;1;XXX
1715;2;XXX
5216;1;XXX
4000;1;XXX
3441;2;XXX
4868;2;inVision
5121;1;XXX
3130;1;XXX
2589;3;XXX
1399;26;iOS
6301;1;iOS
3557;10;iOS
4838;1;iOS
4869;1;iOS
1397;21;IoT
3330;17;IP
2289;1;IP
4364;2;iOS
3840;1;XXX
2059;1;IPEX
2352;4;iOS
5919;1;iOS
4359;1;iOS
4605;1;XXX
2033;1;XXX
3882;1;IPS
4949;1;Network Secuirty
1540;1;ipswitch
2703;1;XXX
4967;1;XXX
5674;1;XXX
1716;2;XXX
2799;4;XXX
2264;3;XXX
4532;1;XXX
6407;1;ISA Server
6427;1;XXX
5048;2;XXX
4631;1;XXX
2148;1;XXX
2061;1;XXX
4616;1;XXX
5080;1;XXX
4606;1;XXX
3648;1;XXX
2602;2;ISO 27001
3649;1;ISO 27001
3888;1;ISO 27001
4573;1;XXX
4289;1;ISO 27001
4310;1;XXX
1663;8;XXX
6386;3;ISTQB
1610;1;XXX
4353;14;ISTQB
5072;1;ISTQB
6011;1;ISTQB
4235;1;ISTQB
3362;9;ISTQB certified
3608;5;ISTQB
5760;1;ISTQB
5214;1;ISTQB
4574;1;ISTQB
5325;1;ISTQB
5298;1;ISTQB
2800;6;XXX
5153;1;XXX
2825;1;IT Administrace
2621;115;IT Administrace
2817;7;IT Administrace
2803;4;IT Administrace
2824;1;IT Administrace
4579;1;IT Analýza
2821;1;IT Analýza
6071;1;IT Architektura
3593;1;IT Architektura
6075;1;IT Architektura
2193;4;IT Architektura
1538;14;IT Architektura
1670;10;IT Audit
1982;1;XXX
3850;1;XXX
1359;57;XXX
2819;5;XXX
5211;1;XXX
1570;6;IT Distribution
4078;1;IT Governance
5312;1;IT Helpdesk
3518;2;IT Infrastruktura
5019;1;IT Infrastruktura
1338;144;IT Infrastruktura
2818;1;IT Infrastruktura
2023;1;XXX
1438;40;XXX
1391;72;XXX
2197;4;IT Infrastruktura
2650;1;XXX
2779;2;IT Law
4929;1;IT Lektor
2517;1;IT Lektor
2111;1;XXX
2781;23;IT Management
2515;7;IT Management
6074;1;IT Management
6398;1;IT Management
5160;2;IT Management
1372;7;Monitoring
1705;6;Networking
3440;4;IT Operations
1351;163;IT Outsourcing
2513;2;IT Outsourcing
2795;1;IT Procurement
4580;2;IT Project Manager
3569;1;IT Project Manager
1959;1;IT Publishing
4335;1;XXX
6560;1;XXX
3574;1;XXX
4075;1;IT Security
1340;188;IT Security
3849;1;IT Security
4478;7;IT Service Management
3865;2;IT Service Management
3981;2;IT Service Management
4306;2;IT Service Management
4962;1;IT Service Management
3373;2;IT Solution
4251;1;IT Solution
6418;1;IT Solution
3434;13;IT Strategy
4660;1;IT Strategy
1484;58;IT Školení
2762;3;IT Školení
2763;1;IT Školení
4346;1;XXX
5745;1;XXX
1830;1;XXX
2243;99;ITIL
3363;1;ITIL
4258;1;ITIL
4716;1;ITIL
4198;2;ITIL
5017;2;ITIL
4593;1;ITIL
5006;1;ITIL
6118;1;ITIL
4290;1;ITIL
3673;1;ITIL
3676;1;ITIL
5872;1;ITIL
5253;1;ITIL
6314;1;ITIL
5988;1;ITIL
4626;1;ITIL
5803;1;ITIL
5804;1;ITIL
5857;1;ITIL
4485;2;ITIL
1737;1;XXX
3651;1;ITIL
4565;1;XXX
2019;2;Ivanti
4362;1;iWork
1858;1;XXX
2932;25;Java
6273;1;Java
5190;1;Java
2461;1;Java
4271;1;Java
3296;1;Java
6158;2;Java
5779;1;Java
3956;1;Java
3955;1;Java
5202;1;Java
2458;1;Java
1553;4;Jablotron
1578;1;Jabra
3402;1;Jakarta EE
2071;247;Java
2628;9;Java
3013;7;Java
5785;1;Java
6228;1;Java EE
5039;1;Java
6182;1;Java
3078;1;Java
2999;1;Java
5912;1;Java
4749;2;Java
5299;1;Java
4779;1;Java
5143;2;Java
5929;1;Java
3277;11;Java EE
6295;1;Java EE
4771;1;Java EE
6305;1;Java EE
4769;1;Java EE
6396;3;Java Enterprise Edition
4752;2;Java Enterprise Edition
3817;11;Java Enterprise Edition
3098;2;Java Enterprise Edition
3591;2;Java Enterprise Edition
4150;1;Java Enterprise Edition
3286;1;Java Enterprise Edition
3717;1;Java
1455;1;Java
3165;1;Java
3171;1;Java
4275;1;Java
4765;2;Java SE
2738;1;Java SE
4772;1;Java SE
4229;1;Java SE
5580;1;Java
4048;1;Java EE
6174;1;Java EE
5673;1;Java EE
2392;1;JavaScript
2359;175;JavaScript
2726;18;JavaScript
2867;11;JavaScript
4994;2;JavaScript
4158;1;JavaScript
5899;1;JavaScript
5789;1;JavaScript
6149;1;JavaScript
2680;1;JavaScript
5714;1;JavaScript
2681;1;JavaScript
5040;1;JavaScript
4052;1;JavaScript
6373;1;JavaScript
4199;1;JavaScript
2506;1;JavaScript
4293;1;JavaScript
3637;1;JavaScript
6161;1;JavaScript
4679;1;JavaScript
1457;1;JavaScript
2852;1;JavaScript
6229;1;JavaScript
4016;1;JavaScript
3738;1;JavaScript
3280;8;Java SE
4114;1;JavaScript
6136;1;JavaScript
4152;1;Java SE
6515;1;JavaScript
6146;1;JAXB
4180;1;JAXB
4746;2;JAXB
6362;1;JAXB
3081;9;JBoss
4282;7;JBoss
6312;1;JBoss
4794;1;JBoss
4149;1;JBoss
4785;2;JBoss
4787;1;JBoss
6272;;JBoss
4279;2;XXX
6456;1;XXX
6321;1;XXX
3526;2;JD Edwards
3127;11;XXX
6269;1;XXX
5534;1;XXX
2318;1;XXX
6192;1;Java Enterprise Edition
5769;1;Java Enterprise Edition
2118;1;Jeeves
4379;1;XXX
2453;25;Jenkins
6084;1;Jenkins
4744;1;XXX
6262;1;XXX
2004;1;XXX
4798;1;XXX
5772;1;XXX
6355;1;XXX
2929;127;JIRA
1991;35;JIRA
3940;5;JIRA
5316;1;JIRA
6375;1;JIRA
6558;1;XXX
3077;5;Jmeter
4284;2;Jmeter
2875;1;Jmeter
5933;1;XXX
4796;8;JMS
4857;1;XXX
1785;1;XXX
1342;1;XXX
3429;1;XXX
2371;16;Joomla
6127;1;Joomla
6188;1;Joomla
2672;2;Joomla
3123;14;JPA
5146;1;JPA
4181;1;JPA
6268;1;XXX
3146;2;jQuery
2489;128;jQuery
4113;5;jQuery
2728;4;jQuery
4131;3;jQuery
5972;1;jQuery
5085;1;jQuery
5357;1;jQuery
2883;3;jQuery
4740;1;XXX
2411;5;JavaScript
4025;1;jQuery
5842;1;jQuery
4938;1;jQuery
5958;1;jQuery
5768;1;Java
3685;19;JSF
6343;1;XXX
2977;36;JSON
3166;2;JSON
4162;1;JSON
6332;1;JSON
3099;29;JSP
6031;1;JSP
1377;16;Juniper
4630;1;Juniper
1718;1;Juniper
5351;1;Juniper
4957;1;Juniper
3491;41;JUnit
3969;10;JUnit
6141;1;JUnit
3983;1;JavaScript
4767;1;XXX
1650;1;K2 ERP
1860;1;K2 ERP
1346;1;K2 ERP
4862;1;Kanban
5682;1;XXX
2146;1;Kalipso
5497;1;Kanban
5517;2;Kanban
6546;1;Kanban
2928;10;Kanban
1651;3;Karat ERP
1988;2;Karat ERP
2256;1;XXX
1413;13;Kaspersky
5275;1;Katalon Studio
4702;1;XXX
4418;1;Keboola
2669;1;Keboola
6108;1;XXX
1581;1;Kemp Technologies
2874;1;Kendo
5911;1;Kendo
2871;1;Kendo
1490;6;Kentico CMS
5974;1;Kentico CMS
1511;27;Kerio
4395;2;Kerio
4394;3;Kerio
2625;1;Kernel
3473;1;Kernel
1968;2;Kernun
3590;1;XXX
1563;2;Keyseight
3325;4;Kibana
6394;1;Kimberlite
1688;1;Kingston
1804;1;Kiosk
1754;1;Klosterfrau
2872;3;Knockout
5062;3;Knockout
2119;1;Kodys
1502;2;Kofax
2005;2;XXX
2054;1;XXX
2024;2;Konica Minolta
2815;1;XXX
2070;18;Kotlin
2978;3;Kotlin
5043;1;Kotlin
3324;1;XXX
5962;1;XXX
5586;1;Kubernetes
2624;10;Kubernetes
5686;1;Kubernetes
3061;1;Kuka
4976;1;XXX
1983;1;KVADOS
1427;7;KVM
2579;1;KVM
2806;1;Kybernetika
2090;1;IT Security
2298;1;Kybos ERP
1499;5;Kyocera
2555;1;XXX
5728;1;XXX
1836;1;XXX
6120;1;LabView
6449;1;LabView
3820;2;Lambda
6113;1;Lambda
3412;9;LAMP
2414;5;LAN
6224;1;LAN
4651;3;LAN
5353;1;LAN
1542;1;Lancom
2252;2;LANDesk
6395;1;LINQ
1823;1;LANius
1662;2;Lansweeper
2719;8;Laravel
1679;1;XXX
2742;5;LaTeX
3701;4;LaTeX
4217;1;LaTeX
6250;1;LaTeX
6594;1;Laravel
2006;1;LavaSoft
6383;1;XXX
5277;1;LDAP
5491;1;XXX
5413;1;XXX
5494;1;XXX
6173;1;XXX
2907;10;XXX
4243;1;XXX
3579;1;XXX
4047;1;Lean Six Sigma
5381;1;Lean Six Sigma
5217;1;Lean Six Sigma
3573;1;XXX
1471;1;XXX
1743;1;XXX
4319;2;EMC Legato
1435;35;Lenovo
2169;1;Lenovo
4093;17;LESS
6088;1;LESS
5115;1;LESS
2083;1;Let’s Encrypt
2127;1;XXX
1597;1;XXX
6556;1;Libre Office
4136;1;Libre Office
3860;1;XXX
1918;6;Liferay
3788;1;XXX
1821;1;XXX
5388;1;XXX
2992;1;XXX
2698;1;XXX
4589;1;XXX
5107;1;XXX
3633;1;XXX
2339;1;Linksys
2860;12;LINQ
2865;6;Linq
5668;1;Linq
5814;1;Linq
3005;1;Linq
4535;1;Linksys
1405;263;Linux
3010;8;Linux
2473;2;Linux
4268;2;Linux
4848;1;Linux
4445;1;Linux
4361;1;Linux
2454;2;Linux
2508;1;Linux
4854;1;Linux
3842;2;Linux
6171;1;Linux
4732;1;Linux
3949;1;Linux
3499;1;Linux
5633;3;Linux
2410;1;Linux
2715;2;Linux
2639;1;Linux
5549;1;XXX
2989;1;XXX
5788;1;XXX
4571;2;Load balancing
2430;1;Load balancing
3844;1;Load balancing
4288;1;LoadRunner
3232;1;XXX
6097;1;Load balancing
4675;2;LoadRunner
5609;1;XXX
4367;3;XXX
1604;4;LogManagement
3121;2;Log4j
4803;1;Log4j
3768;1;XXX
5189;1;XXX
5438;1;XXX
5496;1;Logistics
1522;24;Logistics
4459;1;Logistics
1644;1;Logitech
1973;2;LogManagement
1530;3;LOGmanager
1706;1;LOGmanager
2311;1;LOGmanager
5186;1;XXX
3311;1;XXX
5541;1;XXX
1678;1;LogRythm
2684;1;Logstash
3812;1;Logstash
1627;1;Lombardo
2007;1;Lookout Software
5070;1;Lotus Notes
5349;1;Lotus Notes
5410;3;Lotus Notes
1625;6;Lotus Notes
4628;1;Lotus Notes
6532;1;Lotus Notes
2456;1;Lotus Notes
2455;1;Lotus Notes
5350;1;Lotus Notes
5241;1;XXX
2293;1;XXX
5417;3;SAP LSMW
5493;1;SAP LSMW
3612;2;XXX
2748;1;XXX
3025;2;Lua
2280;1;Lumension Security
3276;1;XXX
6107;1;XXX
5734;1;XXX
5569;1;XXX
1494;1;M-FILES DMS
2262;1;M-FILES DMS
2353;7;Mac OS
2533;5;Mac OS
6539;1;Mac OS
6399;1;Mac OS
5535;1;XXX
2064;1;XXX
2038;1;XXX
3725;1;XXX
4331;2;Maeven
2734;6;Magento
4877;1;Magento
2772;7;Machine Learning
3393;6;Machine Learning
3287;1;Machine Learning
5914;1;Machine Learning
5466;1;XXX
4313;1;XXX
4522;1;GFI MailEssentials
4523;1;MailSecurity
1473;4;MailStore
5098;2;Mainframe
5280;1;Mainframe
2208;1;XXX
5135;1;XXX
5159;1;XXX
1681;2;ManageEngine
4484;6;XXX
4074;3;XXX
5089;1;XXX
3183;8;XXX
3312;6;XXX
5862;1;XXX
5400;1;XXX
4587;1;XXX
5037;1;XXX
5016;1;XXX
3644;1;XXX
6073;1;XXX
5329;2;XXX
5226;1;XXX
6523;1;Mantis
4662;1;Manual Testing
4508;11;Manual Testing
6528;1;Manual Testing
3575;3;XXX
6563;1;XXX
2254;1;XXX
5054;1;XXX
2107;1;MariaDB (MySQL)
2376;4;MariaDB (MySQL)
2687;1;MariaDB (MySQL)
6635;2;Markeeta
3582;2;Market Research
4424;1;Market Research
5128;1;Market Research
3346;9;Marketing
5029;1;Marketing
6458;1;Marketing
4974;1;Marketing
6460;1;Marketing
4035;3;Master Data
3364;1;Master Data
3269;1;GitHub
4175;1;XXX
5401;1;XXX
5376;1;Mathematica
3537;1;Mathematica
5981;1;Mathematica
3769;1;Mathematica
2935;1;Matlab
3395;15;Matlab
6202;1;Matlab
3034;69;Maven
6147;1;Maven
4327;1;Maven
3958;3;Maven
3659;1;XXX
6249;1;XXX
1414;12;McAfee
4622;1;McAfee
2532;1;McAfee
2535;1;McAfee
4481;1;XXX
4876;1;XXX
3828;1;XXX
5752;1;XXX
6481;1;XXX
4004;1;XXX
5579;1;XXX
4433;2;XXX
2268;2;MDM
2671;1;XXX
1752;1;Medac
3922;1;XXX
1747;1;XXX
5532;1;MediaWiki
1773;1;XXX
4071;1;MediaWiki
6446;1;XXX
6519;1;XXX
4724;1;Mediox
1753;1;XXX
1602;1;Medor ERP
5947;1;XXX
2689;1;Memcached
4783;2;Memcached
5033;1;Mentoring
5593;2;Mentoring
1481;2;Cisco Meraki
1782;1;XXX
4224;3;Mercurial
4286;1;XXX
4656;1;XXX
3589;1;XXX
2126;1;XXX
2044;2;MES
5574;1;XXX
4064;1;XXX
3696;1;XXX
3899;1;XXX
3807;1;Metaesploit
3062;1;XXX
5712;1;Meteor
5336;1;XXX
3092;1;XXX
4094;1;XXX
5137;1;XXX
1809;2;XXX
3789;1;XXX
1942;2;Micro Focus
3737;1;MS Access
4218;1;XXX
2894;4;Microservices
5685;2;Microservices
2170;1;Microsoft
1332;114;Microsoft
5863;1;.NET
3168;1;.NET
2850;4;Azure
3235;1;Power BI
4924;1;Biztalk
2837;1;XXX
6575;1;XXX
6615;1;XXX
3761;1;XXX
3764;1;XXX
5567;1;XXX
1425;3;MS Dynamics 365
6439;1;MS Dynamics 365
2917;2;MS Dynamics 365
4509;3;MS Excel
3314;2;MS Excel
4928;1;Microsoft Licensing
4609;1;MS Dynamics 365
4383;1;XXX
4403;1;MS SQL
3783;1;XXX
3386;1;Visual Studio
5188;1;MS Word
3762;1;.NET
3763;1;.NET
4384;1;XXX
5071;1;Midas Plus
6008;1;Midas Plus
4549;3;Middleware
2192;1;XXX
2108;1;XXX
4249;1;MiFID II
5099;2;XXX
1916;9;Mikrotik
1429;3;Mikrotik
5723;1;Mindgeek
2099;1;Minidriver
2043;1;XXX
1343;2;Mitel
1776;1;XXX
5492;1;XXX
2045;1;XXX
4328;1;XXX
4089;1;XXX
4148;2;Mobile applications
5957;1;Mobile applications
6482;1;Mobile applications
6277;1;Mobile applications
3408;6;Mobile applications
3559;3;Mobile applications
3753;1;Mobile applications
2887;1;Mobile applications
2768;2;Mobile applications
4103;1;Mobile applications
4140;1;Mobile applications
3159;1;Mobile applications
5114;1;Mobile applications
5619;1;XXX
5713;1;XXX
3508;4;Mobile device
3073;1;Mobile device
4266;2;Mobile device
3343;1;Mobile device
2242;1;MobileIron
5166;1;XXX
2767;17;Mobile applications
1966;3;MobileIron
2312;1;XXX
5096;1;XXX
2757;1;XXX
6039;1;XXX
4183;6;Mockito
6296;1;XXX
3703;1;XXX
6266;1;MongoDB
4782;2;XXX
2636;1;XXX
3664;1;XXX
5840;1;XXX
3785;1;XXX
1807;1;XXX
3998;1;XXX
4322;1;XXX
4881;1;Monarch Pro
5304;1;XXX
2247;1;Money S3
2246;1;Money S4
2051;2;Money S5
6004;2;MongoDB
3714;1;MongoDB
2581;28;MongoDB
3160;3;MongoDB
2190;2;MongoDB
4163;1;MongoDB
6497;1;MongoDB
5908;1;MongoDB
2813;2;Monitoring
6098;1;Monitoring
4321;1;Zabbix
5825;1;XXX
4791;1;XXX
1636;4;Motorola
6628;1;XXX
2632;2;Mozilla
4649;3;MPLS
3113;1;XXX
2394;1;XXX
2665;2;XXX
5495;1;XXX
5821;1;XXX
2349;9;XXX
2499;1;XXX
2361;25;Azure
2674;1;XXX
6440;1;XXX
6015;1;MS Dynamics 365
3305;1;MS Dynamics 365
3100;5;MS Dynamics 365
2913;6;MS Dynamics 365
3310;1;MS Dynamics 365
5671;2;MS Dynamics 365
3908;1;MS Dynamics 365
2258;3;MS Dynamics 365
5235;1;MS Excel
2348;25;MS Excel
6234;1;MS Excel
5462;1;MS Excel
1665;26;MS Exchange
5063;1;MS Exchange
2666;1;MS Flow
6467;1;XXX
2539;2;XXX
6425;1;MS Dynamics 365
3621;1;MS Dynamics 365
3915;15;MS SharePoint
5812;1;MS SharePoint
1703;65;MS Office
5985;2;MS Office
4763;1;MS Office
5346;1;MS Office
5064;1;MS Office
6377;1;MS Office
2467;6;Power BI
3195;19;MS Project
5229;2;MS Project
2427;2;MS Windows Server
2178;1;MS SharePoint
2916;25;MS SharePoint
6620;1;MS SharePoint
5065;1;MS SharePoint
5975;1;MS SharePoint
5977;1;MS SharePoint
5976;1;MS SharePoint
3105;1;XXX
3387;1;XXX
2131;86;MS SQL
4028;1;MS SQL
5663;1;MS SQL
5662;1;MS SQL
5661;1;MS SQL
5660;1;MS SQL
5659;1;MS SQL
5658;1;MS SQL
5657;1;MS SQL
5665;1;MS SQL
5664;1;MS SQL
3204;1;MS SQL
4065;1;MS SQL
3206;13;MS SQL
3709;6;MS SQL
3900;1;MS SQL
2468;1;MS SQL
2487;4;MS SQL
2853;1;MS SQL
2543;2;MS System Center
5926;1;XXX
3388;1;XXX
3196;3;MS Visio
4909;1;Visual Basic
4910;1;Visual Basic
2659;1;Visual Basic
5817;1;Visual Basic
2418;24;MS Windows
2564;3;MS Windows Server
4531;1;MS Windows Server
5236;2;MS Word
5390;1;MS Word
6550;1;MS Excel
5979;1;XXX
3920;2;XXX
5643;1;XXX
5251;1;XXX
5184;1;XXX
1833;19;MS SQL
6207;1;MS SQL
4058;1;MS SQL
3994;1;MS SQL
6623;1;MS SQL
4895;1;MS SQL
3278;1;MS SQL
1849;1;XXX
6244;1;XXX
6282;1;XXX
6568;1;XXX
5025;1;XXX
5954;1;XXX
4008;3;XXX
5917;1;XXX
6101;1;XXX
2286;1;XXX
3539;15;MVC
5192;1;XXX
5848;1;XXX
4833;1;XXX
3002;2;XXX
2980;1;XXX
2159;2;MyBatis
5681;1;MyBatis
4806;1;XXX
1884;1;myGEM
1761;1;Mylan
1450;176;MySQL
2437;9;MySQL
2755;1;MySQL
5044;1;MySQL
5948;1;MySQL
1869;1;MyVoice
2112;1;myWAC
3527;1;EIS
4569;1;XXX
1664;9;Nagios
1477;7;Nakivo
1506;2;Nakivo
2747;1;XXX
6583;1;XXX
1771;1;XXX
2648;1;XXX
5455;1;Natural language processing
3101;3;Navision
1547;1;XXX
3856;2;XXX
1574;4;NEC
3432;4;XXX
2209;1;XXX
5385;1;XXX
3521;1;XXX
2216;4;XXX
3116;3;XXX
6304;1;XXX
3805;1;XXX
5938;1;XXX
5798;1;XXX
5060;2;XXX
1479;11;NetApp
5753;1;Netbackup
3036;10;NetBeans
3335;1;Netcool
2177;1;Netgate
1946;1;XXX
4338;1;NetIQ AppManager
1554;1;NetRex
1415;1;Netsparker
2171;7;NetSuite
2078;15;Nette
6078;1;Nette
5147;3;Nette
5152;1;Nette
6020;1;Network Design
3851;1;Network Administration
5701;1;Network Administration
3437;3;Network Administration
3829;3;Network Administration
6061;1;Network Administration
4557;1;Network Architecture
1607;1;XXX
4959;1;XXX
3510;6;Network Design
5833;1;Network Design
4823;1;Network Design
6486;1;Network Design
4648;1;Network engineering
5832;1;Network engineering
4077;1;Network infrastructure
4698;1;Network Administration
6627;1;Cisco
5965;1;Network Administration
3150;6;Network Security
1403;3;Network Security
6060;1;Network Security
2020;71;Networking
3450;5;Networking
3111;1;Networking
2241;2;Netwrix
1793;1;Neuronové Sítě
2274;1;XXX
3804;1;XXX
1337;1;XXX
4098;1;XXX
5328;1;Nexus
2706;3;NFS
2704;1;XXX
2691;6;Nginx
2466;2;Nginx
2697;1;Nginx
4252;1;Nginx
2690;1;Nginx
3610;1;GSM
4051;1;NGOSS
6346;1;NgRx
4001;1;NHibernate
4061;1;NHibernate
4834;1;NHibernate
5827;1;NHibernate
1897;1;XXX
6145;2;Nintex
5456;1;NLTK
3806;1;Nmap
3864;3;NNIT
4202;4;Node.js
3826;1;Node.js
4813;1;Node.js
2686;34;Node.js
4425;3;Node.js
6341;2;Node.js
5906;1;Node.js
3478;1;Node.js
2723;7;Node.js
4146;2;Node.js
5335;2;Node.js
2588;1;Node.js
4144;1;Node.js
5041;1;Node.js
4347;1;Nokia
3154;1;XXX
6105;1;NoSQL
5666;1;XXX
1614;2;Nortel
2405;8;NoSQL
2124;1;Notia ERP
6186;1;XXX
1756;1;XXX
6019;1;XXX
1498;4;Novell
4512;1;Novell
1529;5;Novicom
1775;1;XXX
2313;1;XXX
4006;1;XXX
2967;1;XXX
4635;1;XXX
2616;1;XXX
6452;1;XXX
4945;1;XXX
2237;1;XXX
4255;1;XXX
6280;1;XXX
4002;2;XXX
2150;2;Nutanix
4828;1;XXX
1443;3;NVIDIA
2261;1;NVIDIA
4164;1;XXX
4713;1;Microsoft 365
4176;1;OAuth
4502;1;OAuth
6331;1;OAuth
2186;1;Obelisk
4300;1;XXX
3550;1;XXX
3137;2;OBIEE
5913;1;Object Oriented Design
4760;1;Object Oriented Design
4799;1;Object Oriented Design
2067;1;Objective-C
3407;9;Objective-C
5918;1;Objective-C
4363;1;Objective-C
4081;1;XXX
2472;1;OOP
3490;1;Objective-C
1416;2;ObserveIT
1680;1;ObserveIT
2155;1;XXX
5266;1;XXX
5930;1;XXX
5583;1;Oracle DB
6190;1;Oracle DB
6209;1;Octopus
3784;1;Odata
3139;2;ODI
2297;1;Odoo
2303;1;Odoo
3897;1;XXX
1364;43;Microsoft 365
2577;1;Microsoft 365
5102;1;MS Office
5813;1;MS Office
2438;1;Microsoft 365
1632;7;OKI
4971;1;XXX
3187;7;OLAP
5604;1;OLAP
4525;1;OmniTracker
4980;1;XXX
2203;1;XXX
5142;1;XXX
3347;1;Online Advertising
5850;1;Online Advertising
2778;21;Online Marketing
3355;7;Online Marketing
3416;1;Online Marketing
2885;49;OOP
2136;1;Open BI
2138;1;OPEN DMS
4706;4;XXX
5996;1;XXX
2301;2;Open-E
2343;1;Open-E
4800;1;Openadaptor
3926;2;OpenCart
2732;1;OpenCart
2936;1;XXX
2752;1;XXX
2614;3;OpenGL
3401;1;OpenMp
4705;1;OpenOffice
2613;1;OpenShift
4412;1;XXX
2604;2;XXX
2609;1;XXX
2610;1;XXX
2612;1;OpenSSL
1791;1;OpenStack
2050;1;OpenStack
6144;1;OpenSuse
1925;3;OpenText
4694;1;XXX
5287;1;XXX
2396;5;OpenVPN
2751;1;OpenVPN
4413;1;OpenVZ
3950;1;XXX
5806;1;XXX
3466;8;XXX
2952;1;XXX
3072;4;OPP
6236;1;XXX
5588;1;Optivo
2184;1;Optoma
2135;1;XXX
2132;1;XXX
5603;2;Oracle
1384;203;Oracle
6225;1;Java
6415;1;Oracle DB
3670;1;Oracle 10g
3905;2;Oracle 11g
3671;1;Oracle 12c
4722;1;Oracle 12g
3292;1;Oracle DB
5012;1;Oracle DB
6152;1;Oracle DB
5838;1;Oracle Appliaction Express
3672;1;Oracle Appliaction Express
3674;1;Oracle DB
3719;1;Oracle BI
5645;1;Oracle BPEL
2583;1;Oracle BI
4014;2;Oracle Certified Professional
3270;1;Oracle Certified Professional
4766;1;Java
4764;1;Oracle Certified Professional
5582;1;Oracle
2387;2;Oracle DB
3263;1;Oracle Data Integrator
3367;1;Oracle Data Integrator
5179;1;Oracle DB
4453;1;Oracle Data Warehouse
3058;8;Oracle DB
4041;1;Oracle DB
3496;4;Oracle DB
2460;8;Oracle DB
3175;1;Oracle DB
5691;1;Oracle Designer
3219;2;Oracle Discoverer
3517;1;Oracle Dyn
5837;1;Oracle ERP
3534;1;Oracle Eloqua Marketing
3470;1;Oracle Enterprise Linux
4984;1;Oracle ERP
1485;1;Oracle ERP
4906;2;Oracle Forms
2388;1;Oracle Grid Engine
2172;1;Oracle HCM
2114;1;Oracle Hyperion
3720;1;Oracle ERP
3251;7;Orace DB
5271;1;Orace DB
6478;1;Orace DB
2116;1;Oracle Primavera
3455;1;Orace DB
2385;1;Oracle
6454;1;Oracle BPEL
2390;1;Oracle Solaris
2868;18;Oracle DB
3056;5;Oracle DB
4274;1;Oracle DB
2391;1;Oracle
5083;1;Oracle
6473;1;Oracle
3912;1;Oracle DB
3684;2;Oracle Weblogic
5638;1;Oracle Weblogic
3731;1;Oracle DB
3766;1;Oracle DB
2201;1;ORAKiss ERP
1531;1;Oracle
2566;1;XXX
3600;1;XXX
5525;1;XXX
2302;1;Orgis CRM
4072;1;Orchard CMS
1468;1;XXX
2191;1;OriginLab
6435;1;XXX
2137;1;XXX
4358;6;OS X
2447;1;OS/3
2735;1;OsCommerce
3489;2;OSGi
3876;5;OSPF
3334;1;OSS
3660;2;OS X
3653;1;XXX
5415;1;XXX
4386;1;XXX
5735;1;XXX
3418;7;XXX
3580;2;XXX
2446;1;XXX
4280;1;XXX
1934;4;XXX
2040;1;XXX
4681;1;XXX
5326;1;XXX
6487;1;XXX
6091;1;XXX
1805;3;Paessler
6180;1;XXX
4554;1;Palo Alto Networks
1389;1;Palo Alto Networks
1417;4;Palo Alto Networks
1898;2;Palo Alto Networks
1518;3;PAM
2041;1;PaMS Magion
1587;4;Panasonic
3475;1;XXX
1810;2;Pandas
4165;2;Pandas
1560;1;Panduit
5244;1;Pantheon tech.
3923;1;Paper Mill
1396;3;Paperless
1437;1;XXX
6281;1;XXX
4079;6;Pascal
2100;1;PAX
3642;1;Paypal integration
3641;1;Paypal integration
2097;1;XXX
6122;1;XXX
3698;1;XXX
5520;1;XXX
5521;1;XXX
3786;1;XXX
1963;1;XXX
5469;1;XXX
2269;2;PDM
2478;1;PDQ
5640;1;XXX
3887;1;Penetration Testing
3188;3;Pentaho
1843;6;Penetration Testing
2789;1;Penetration Testing
2174;2;PeopleSoft
3009;2;Perforce
3927;1;Performance Management
6344;1;Performance Testing
6477;1;Performance Testing
1358;1;Periskop CRM
1357;1;Periskop ERP
2716;20;Perl
6076;2;Perl
5042;1;Perl
6313;1;Perl
6265;1;Perl
5839;1;Perl
5477;1;XXX
5026;1;XXX
5702;1;XXX
6348;1;XXX
3110;1;XXX
3059;2;PgSQL
5670;1;PhantomJS
1764;1;XXX
3017;1;Pharmaceutical Industry
3919;1;Pharmaceutical Industry
3084;2;Pharmaceutical Industry
5939;1;Phaser
1919;1;XXX
2802;1;Phishing
2245;1;Phonexia
3754;1;XXX
6567;1;XXX
1741;1;XXX
2995;30;Photoshop
1914;222;PHP
4830;1;PHP
2739;1;PHP
3046;1;PHP
5669;1;PHP
3485;1;PHP
1456;1;PHP
4261;2;PHP
3708;1;PHP
5144;1;PHP
5011;1;PHP
5270;1;PHP
6610;1;PHP
2733;1;PHP
5002;1;PHP
5272;1;PHP
2079;1;PHP
4864;2;PHP
1723;2;Physical Security
3035;7;Python
1639;1;XXX
1787;1;XXX
4991;1;XXX
1668;1;XXX
3483;1;XXX
5421;1;XXX
5637;1;XXX
2034;1;Pivotal CRM
4947;1;XXX
2095;1;XXX
1742;1;XXX
2188;3;PKI
5924;1;XXX
4934;1;PL/SQL
3230;1;PL/SQL
6318;1;PL/SQL
5951;1;PL/SQL
2459;65;PL/SQL
2386;1;PL/SQL
5740;1;XXX
4818;1;XXX
4169;1;XXX
2891;1;XXX
2663;1;XXX
5282;1;XXX
5950;1;XXX
3775;1;XXX
6110;1;XXX
6201;1;PLC
3376;1;PLC
2558;1;PLC
2270;4;PLM
4762;1;Plone
2580;1;PL/SQL
6137;1;PL/SQL
1831;1;Plustek
1801;8;XXX
3630;1;XXX
3226;2;XXX
1948;1;XXX
4581;2;XXX
3340;16;PMO
2541;1;PMO
2906;1;PMO
5865;1;PMO
4566;6;PMP
1825;5;Pohoda
2141;1;XXX
1577;2;XXX
1532;3;Polycom
2608;1;XXX
2656;1;XXX
2909;1;Portfolio Management
6021;1;Portfolio Management
1840;2;POS
4396;1;POSFlow
2383;2;PostgreSQL
1927;1;Positive Technologies
1459;4;Postfix
2745;1;Postfix
4704;2;PostgreSQL
3291;3;PostgreSQL
6104;1;PostgreSQL
5386;1;PostgreSQL
1452;63;PostgreSQL
5286;2;PostgreSQL
6231;1;PostgreSQL
2384;2;PostgreSQL
1460;1;XXX
5310;2;Postman
6083;1;Postman
6588;1;XXX
4132;2;PostgreSQL
4776;1;PostgreSQL
1605;7;Power BI
2953;1;Power Designer
3687;2;Power Designer
2695;1;PowerDNS
6633;1;PowerFLOW
4184;1;PowerMock
3538;8;PowerPoint
3425;1;PowerPoint
5391;1;PowerPoint
3094;17;PowerPoint
2494;10;Powershell
2402;2;Powershell
3006;1;PowerPoint
5219;1;XXX
2777;18;PPC
2901;4;XXX
6410;1;Pre-sales
3742;17;Pre-sales
5373;1;Pre-sales
6510;1;Pre-sales
6365;1;XXX
3681;2;Presentation skills
5237;1;Presentation skills
4115;3;Prestashop
2372;2;Prestashop
3942;1;PrimeNG
5206;1;PRINCE2
1994;3;PRINCE2
2512;46;PRINCE2
3982;1;PRINCE2
4564;3;PRINCE2
5046;2;PRINCE2
3827;4;PRINCE2
4546;1;PRINCE2
5339;1;PRINCE2
5575;1;Print Services
2429;1;Print Services
2089;1;XXX
5946;1;XXX
6178;1;XXX
4885;1;XXX
5215;1;XXX
2259;1;proAlpha ERP
4560;1;XXX
6502;1;XXX
3645;1;XXX
5210;1;XXX
5231;1;Process Automation
1796;3;Process Automation
5125;1;Process Automation
5485;3;Process Management
3315;2;Process Management
5464;1;Process Management
1655;11;Process Management
3338;2;Process Management
5858;1;Process Management
5627;1;Process Management
4561;1;Process Management
1935;1;Process Management
2765;4;Process Management
6443;1;XXX
3435;3;Product development
4541;1;Product development
4526;6;Product management
2766;3;Product management
4201;2;Product management
2944;1;Product Manager
6397;1;Product Manager
3344;3;XXX
2923;1;XXX
6536;1;XXX
6053;1;XXX
4349;1;Program management
3152;3;Program management
4477;1;Program management
6056;1;Program management
5225;3;Program management
3119;3;Programming
3524;3;Programming
4578;2;Programming
2633;18;Programming
3155;8;Programming
6187;1;Programming
6496;1;Programming
3979;1;Programming
2823;2;Programming
6589;1;Programming
2552;1;XXX
1546;1;XXX
5651;1;Project Management
6103;1;Project Management
5154;1;Project Management
5130;2;Project Management
5123;1;Project Management
5124;1;Project Management
5223;1;Project Management
5182;3;Project Management
1712;56;Project Management
3071;45;Project Management
3743;8;Project Management
4562;1;PRINCE2
6561;1;Project Management
3930;3;Project Management
6404;1;Project Management
6442;1;Project Management
3240;5;Project Management
5174;1;Project Management
3370;1;Project Management
5007;1;Project Management
5051;1;Project Management
3581;5;Project Management
4260;5;Project Management
3371;3;Project Management
5518;1;Project Management
5824;1;XXX
2812;1;Project Management
2550;1;Project Management
2551;2;Project Management
4871;1;Project Management
2714;1;Prolog
5550;1;Prolog
1859;1;XXX
3468;2;Prometheus
2037;1;ProNorm
1943;2;Proofpoint
4717;1;XXX
5993;1;XXX
6329;1;XXX
6611;1;XXX
5598;1;XXX
2048;1;Proxio
2046;1;Proxio
2049;1;Proxmox
1430;2;Proxmox
4410;3;Proxy
4314;1;Proxy
2299;1;Prytanis ERP
4735;1;XXX
6535;1;XXX
1640;2;Psion
1922;1;XXX
3576;1;XXX
4620;1;PKI
3428;2;XXX
3357;1;XXX
1565;3;Pulse Secure
2334;2;Pulse Secure
2520;1;Puppet
2685;1;Puppet
1765;1;Pure IT
1566;3;Pure Storage
1464;1;Pure-FTPd
1996;2;Pure Storage
5183;1;XXX
3638;4;Putty
2291;1;Pygmalios
2661;1;Pylon
4858;1;PySide
3248;1;PySpark
4921;1;Pytest
2350;109;Python
3848;1;Python
3465;1;Python
2925;14;QA
5301;2;QA
6350;2;QA
6552;1;QA
2942;2;QA
2087;1;QAD ERP
5069;1;QA
4126;1;QBSoftware
2052;2;QI
1392;10;QI
1827;3;QlikView
3221;2;QlikView
3222;1;QlikView
2531;7;QlikView
3144;1;QlikView
3190;1;QlikView
1330;1;Qlogic
3019;1;XXX
4558;3;QoS
5540;1;Qradar SIEM
5551;1;Qradar SIEM
5333;1;QraphQL
3392;5;Qt
6210;1;Qt
5294;3;QTP
5880;1;QTP
2412;2;Quadient
4721;1;Quaestor
5468;;SAP
4930;3;QA
5879;2;QA
3609;8;Quality Center
5212;5;Quality Center
6553;1;Quality Center
2793;2;Quality Management
1533;2;Qualys
1328;2;Quantum
5759;1;QuarkXPress
5786;1;XXX
5781;1;Query
4774;1;Query
5783;1;XXX
2012;2;Quest
6534;1;XXX
2163;5;R
5444;1;SAP R/3
4196;2;RabbitMQ
4012;7;RabbitMQ
4247;1;RabbitMQ
2407;;RabbitMQ
6323;1;RACF
1444;2;Radware
5982;1;RAFT
2743;1;RAID
5359;1;Ramda
6114;1;Rancher
4673;1;Ranorex
2784;1;Rapid prototyping
1677;3;Rapid1
5372;1;RapidMiner
2611;3;Raspberry Pi
6356;1;Rational DOORS
5815;3;Razor
4450;1;RCA
3822;2;XXX
1469;27;React
4837;1;React
2587;1;React
5332;1;React
5715;1;React
4105;3;React
4742;1;React
2358;21;React
5708;1;React
4829;1;React
5719;1;React
2870;12;React
6433;1;React
6242;1;XXX
3895;1;XXX
4257;1;XXX
5743;1;XXX
2987;1;XXX
2976;1;XXX
5656;1;XXX
4332;2;XXX
5475;1;XXX
4246;1;Red Hat
1497;22;Red Hat
4545;1;Red Hat
2389;1;Red Hat
2572;2;Red Hat
3272;8;Red Hat
4488;1;Red Hat
5288;1;Red Hat
1803;13;Red Hat
2617;1;Red Hat
2688;11;Redis
3054;2;Redis
6524;2;Redmine
3778;1;Redmine
6632;1;Redque
3003;10;Redux
5709;2;Redux
6026;1;Redux
4096;2;Redux
6506;1;XXX
6139;1;XXX
1734;1;XXX
6527;1;Regression Testing
4351;10;Regression Testing
5877;1;Regression Testing
6142;1;XXX
4513;1;DB
5024;1;XXX
6002;1;XXX
1824;1;XXX
3968;1;XXX
6372;1;XXX
5356;1;XXX
6384;1;XXX
4044;1;Reporting
3234;4;Reporting
4907;1;Reporting
2504;2;XXX
6034;1;RequireJS
4437;1;Requirements Analysis
3199;9;Requirements Analysis
3980;7;Requirements Analysis
3301;1;Requirements Analysis
4342;1;Requirements Analysis
5805;1;Requirements Analysis
5764;1;Requirements Analysis
3153;6;Research
6436;2;Resource Management
6597;1;Responsive Web Design
3047;1;Responsive Web Design
5847;1;Responsive Web Design
4117;1;Responsive Web Design
4207;2;Responsive Web Design
4111;1;Responsive Web Design
3132;43;REST
4505;2;REST
6080;1;REST
3442;2;REST
4209;1;REST
6335;1;REST
3631;1;REST
2878;1;REST
4371;2;REST
6214;1;REST
5079;1;Restorative
3588;6;Retail
3342;3;Retail Banking
3339;2;Retail Banking
2240;1;Retia
2973;1;Retrofit
2788;1;XXX
6320;1;REXX
3547;1;RFC
2144;1;RFgen
6050;1;Red Hat
2442;4;Red Hat
5703;1;Red Hat
3779;1;RIA
1711;2;Riada
5511;1;XXX
3420;2;Risk Management
4807;1;RichFaces
2181;1;RIS ERP
4655;1;Risk Management
3962;2;Risk Management
5853;1;Risk Management
3182;6;Risk Management
3697;6;Risk Management
5222;2;Risk Management
1567;5;Riverbed
2333;2;Riverbed
1774;1;XXX
5140;1;XXX
3273;2;RMAN
4988;1;RMAN
4304;1;XXX
2984;1;Robolectric
4676;3;Robot Framework
5366;1;RPA
5368;1;Robotizace
1694;5;Robotizace
4037;1;Robotizace
2807;1;Robotizace
1537;8;Robotizace
1984;1;XXX
2986;1;XXX
6543;1;XXX
5538;1;XXX
1463;1;RoundCube
3661;5;Routing
4637;1;Routing
3875;12;Routing
4647;1;Routing
2553;1;XXX
2549;1;XXX
1795;4;RPA
5846;1;XXX
5565;1;XXX
3813;1;XXX
4112;1;XXX
1378;7;RSA
1720;1;RSA
3093;1;Sugar CRM
2393;1;Rstudio
2707;1;rsync
6197;1;XXX
2200;1;XXX
6238;1;XXX
2068;20;Ruby
2717;12;Ruby
3180;2;Ruby
3213;11;RUP
4904;1;RUP
6172;2;Rust
1744;1;XXX
5678;1;XXX
4842;1;RxJava
2975;5;RxJava
3031;1;RxJava
5799;1;RxJS
5941;1;RxJS
6027;1;RxJS
5260;1;XXX
1767;1;XXX
5428;1;SAP S/4 HANA
6112;2;AWS S3
2475;6;XXX
4567;1;XXX
5795;1;XXX
5018;1;SAFe 4 Certified
2057;1;Safecube
1923;1;SafeNet
1483;14;Safetica
6155;1;Safira
5321;1;Sahi
5020;1;XXX
3587;4;XXX
5028;1;XXX
5269;1;XXX
5852;1;XXX
5363;1;XXX
1828;5;Salesforce.com
3304;10;Salesforce.com
6479;1;Salesforce.com
5884;1;Salesforce.com
3739;9;Salesforce.com
6177;1;Salsita
6339;1;Salsita
2287;3;SAM
2399;3;Samba
2749;1;Samba
4873;1;XXX
1592;3;Samsung
4446;4;SAN
2294;1;XXX
1755;1;XXX
1686;1;XXX
3971;1;SAP
5424;1;SAP
5499;1;SAP
5501;1;SAP
5502;1;SAP
4880;1;SAP
3218;1;SAP
5392;3;SAP BI
5809;2;SAP BI
3135;3;SAP BusinessObjects
3242;2;SAP BusinessObjects
3718;1;SAP BusinessObjects
5811;1;SAP BusinessObjects
3223;10;SAP BW
5429;3;SAP S/4 HANA
3245;1;SAP
5423;1;SAP
5430;1;SAP
3722;2;SAP Concur
5442;2;SAP
4596;2;SAP
5178;2;SAP CRM
3910;1;SAP
2426;1;SAP
5893;1;SAP
5394;1;SAP
5409;1;SAP
2920;21;SAP ERP
5164;1;SAP
5407;4;SAP FI
3970;2;SAP FI-CA
5425;2;SAP FI/CO
5427;2;SAP FICO
5419;1;SAP Fiori
5055;3;SAP HANA
2830;2;SAP HCM
5156;4;SAP HR
5431;1;SAP Hybris
5443;2;SAP
3259;8;SAP
5408;2;SAP IS-U
5479;1;SAP KIM
5406;3;SAP LE
5504;2;SAP Logistics
5395;2;SAP
6393;1;SAP
2425;15;SAP MM
5414;1;SAP
2528;1;SAP MM-CBP
2527;1;SAP MM-EDI
2529;1;SAP MM-IM
2530;1;SAP MM-IV
2526;1;SAP MM-PUR
2966;4;SAP Netweaver
5448;1;SAP
5412;4;SAP
5445;1;SAP
3247;8;SAP PowerDesigner
5404;3;SAP
5482;1;SAP PP-PI
5411;2;SAP PP-PI
5480;1;SAP
5898;1;SAP
5439;1;SAP
2964;15;SAP R/3
4344;1;SAP R/4
2524;1;SAP
5418;3;SAP S/4 HANA
2179;2;SAP S/4 HANA
3254;2;SAP
5500;1;SAP
2523;14;SAP SD
4460;1;SAP
5403;1;SAP
5506;1;SAP
2525;1;SAP
5897;1;SAP
5426;2;SAP XI
5435;1;SAP
4466;2;SAP
5452;1;SAP
5138;1;SARA2D
5139;1;SARA2D
2115;6;SAS
5360;1;SAS
3191;1;SAS
3668;13;SASS
6089;1;SASS
6599;1;SASS
6604;1;SASS
2945;1;XXX
1881;1;XXX
4339;1;XXX
2091;1;XXX
5927;1;SCADA
3390;1;SCADA
3688;13;Scala
6226;1;Scala
6468;1;Scala
1447;1;XXX
1832;1;XXX
4390;4;SCCM
4625;1;SCCM
2479;4;SCCM
6392;1;XXX
3858;2;Science
6191;1;XXX
2035;4;SCM
4389;1;SCOM
4634;1;ScreenOs
3907;1;Scribe Insight
3089;2;XXX
2652;120;Scrum
2764;11;Scrum
3018;7;Scrum
4191;1;Scrum
3567;1;Scrum
5129;2;Scrum
3953;1;Scrum
4177;5;Scrum
4265;3;Scrum
5522;1;Scrum
5867;1;Scrum
5876;1;Scrum
5155;1;Scrum
5035;1;Scrum
4210;5;Scrum
5885;1;Scrum
5940;1;XXX
5093;1;Scrum
4391;1;XXX
2921;4;SD
4726;1;SDH
6607;1;XXX
6378;1;XXX
2938;12;SDLC
6380;1;XXX
2623;1;XXX
6509;1;XXX
1594;1;Seagate
1873;1;Seagull
2120;1;XXX
4087;1;XXX
1606;1;XXX
2098;1;XXX
3792;1;Secure Transport
4696;1;SecureCRT
2338;1;SecurEnvoy
1682;1;SecurEnvoy
5510;1;Security
3506;11;Security
6475;1;Security
6622;1;Security
5856;1;Security
2595;2;Security
4614;1;Security
2787;2;Security
1418;1;Security
5204;1;Security
6307;1;Security
1969;1;XXX
3345;1;XXX
5145;1;XXX
5690;1;XXX
2451;37;Selenium
6085;1;Selenium
5309;1;Selenium
4677;1;Selenium
4865;1;Selenium
6349;2;Selenium
4678;1;Selenium
4285;1;Selenium
3563;3;XXX
5458;1;XXX
5254;1;Project management
1599;1;Sennheiser
6017;1;Sentinel IT
3052;26;SEO
2774;14;SEO
3422;1;SEO
4430;1;SEPA
3467;1;XXX
2675;5;Server Admin
2809;1;Server Admin
1404;2;Server Admin
4657;1;Server Admin
3474;1;Server Admin
2340;2;Server Hosting
1631;8;Server Housing
2536;1;XXX
3303;16;Servers
3449;3;Servers
3852;1;Servers
5683;1;XXX
5173;3;Service delivery
3744;1;Service delivery
4422;1;Service Management
5176;1;Service Management
2912;3;Service Management
5081;3;Service Management
2537;1;ServiceNow
3819;1;ServiceNow
2238;4;ServiceNow
1534;1;ServiceNow
5816;1;XXX
4029;1;XXX
2822;1;XXX
3741;7;Servlets
5191;1;Servlets
5738;1;XXX
2560;1;XXX
5887;1;XXX
3798;1;XXX
4380;1;XXX
6470;1;XXX
3145;1;SharePoint
1363;10;SharePoint
4650;1;SHCP
1611;1;Shelco
3271;4;Shell Scripting
3911;1;Shell Scripting
3090;13;Shell Scripting
4584;9;Shell Scripting
4245;1;Shell Scripting
6466;1;Shell Scripting
5151;1;Shell Scripting
5741;1;XXX
2065;1;XXX
2085;1;XXX
1740;1;XXX
4050;1;XXX
3246;13;Siebel
3620;1;Siebel
3619;2;Siebel
1373;8;SIEM
1693;6;Siemens
2316;1;Sigfox
1861;1;XXX
6208;1;SignalR
6222;1;Sikuli
1736;1;Silesia Air
4233;1;SilkTest
1591;1;Siltec
2848;6;Silverlight
2905;1;XXX
2317;1;SimpleCell
4915;1;Simulations
6121;2;Simulink
1964;7;SIP
5038;1;XXX
3336;1;XXX
5259;2;SiteCore
2873;1;SiteCore
6044;1;SiteCore
2469;2;XXX
2471;1;Network Security
5117;2;Six Sigma
5228;2;Six Sigma
5607;1;Six Sigma
3030;3;Sketch
5111;1;Sketch
6368;1;XXX
2574;1;XXX
2651;4;Skype
1901;5;SLA
3514;1;XXX
4510;1;Slack
5733;1;Slackware
4775;1;XXX
4127;1;XXX
6469;1;XXX
6289;1;XXX
2123;1;XXX
4080;1;XXX
2039;1;XXX
2096;1;XXX
2205;1;XXX
5694;1;XXX
2062;1;XXX
3546;2;Smartforms
5895;1;Smartforms
4467;1;Smartforms
1879;1;Smartrac
4133;3;Smarty
4228;1;SMC
1976;1;SMSEagle
2519;2;SMTP
6462;1;Snipe-it
3461;1;Snowflake
4421;1;Snowflake
2886;44;SOA
6109;1;SOA
3131;34;SOAP
3128;2;SOAP
2990;1;SOAP
4672;2;SOAP UI
6390;1;SOAP UI
6367;1;SOAP UI
3252;14;SOAP UI
1539;4;SOC
2797;1;Social media
4250;4;Social media
2898;2;Social media
5187;1;Social media
4973;1;Social media
5849;1;Social media
4086;1;Social media
5108;1;Social media
5330;1;Social media
3626;2;Socket.io
4902;1;XXX
1658;1;XXX
1659;2;XXX
2255;1;Sofico
4997;1;XXX
3438;1;XXX
4334;1;XXX
2211;1;Softec RPS
2662;1;Softing DTS
2204;1;Softomotive
5571;1;XXX
5835;1;XXX
1947;4;Software AG
5246;1;Software analysis
5573;1;Software analysis
6529;1;ArcGIS
4498;1;Software Design
5285;1;Asset management
6068;1;Software Design
6480;1;Software Design
2939;12;Software Design
5141;1;Software Design
5953;1;Software development
3106;1;Software development
6358;1;Software development
4018;2;Software development
3989;1;Software development
2832;107;Software development
3124;8;Software development
4927;1;Software development
5980;1;Software development
5004;1;Software development
3302;3;Software Documentation
4438;2;Software Documentation
3033;9;Software engineering
4737;2;Software engineering
4926;1;Software engineering
3523;1;Software engineering
4598;1;Software Implementation
3830;1;Software Implementation
3683;1;Software Implementation
2498;1;Software Implementation
2951;1;Project management
4336;1;Project management
3891;1;Project management
3529;17;Project management
5232;4;Project management
4480;2;Project management
3115;2;Project management
3952;2;Project management
6360;1;Project management
6531;2;QA
5851;1;QA
6547;1;QA
4511;1;QA
6538;1;QA
5303;1;QA
5614;1;XXX
3114;6;Software Testing
3988;1;Software Testing
4903;1;XXX
6495;1;XXX
4427;1;XXX
4638;1;XXX
5770;1;XXX
2737;21;Solaris
5648;1;Solaris
4899;1;Solaris
2008;4;SolarWinds
1475;2;SolarWinds
3729;1;SolarWinds
2439;1;SolidWorks
3585;1;XXX
1769;1;XXX
4194;1;SOLR
6253;1;SOLR
6232;1;SOLR
3495;16;Solution Architect
4548;4;Solution Architect
3445;2;Solution Architect
6554;1;Solution Architect
3329;10;Solution Architect
4156;2;Solution Architect
4600;2;Solution Architect
5250;1;Solution Architect
3504;3;Solution Architect
3511;2;XXX
5082;2;XXX
5647;1;XXX
3604;1;XXX
5736;1;XXX
6274;1;XXX
3352;1;SonefTask
1660;2;SonicWall
1899;1;XXX
1576;1;XXX
4992;1;Sony Vegas
1512;17;Sophos
1676;2;Sophos
5377;1;Salesforce.com SOQL
2018;2;SOTI
2267;1;SOTI
4882;1;XXX
4568;1;XXX
2836;1;XXX
6246;1;SPARC assembly
3462;2;Sparx Enterprise Architect
3320;4;Sparx Enterprise Architect
5641;1;Sparx Enterprise Architect
3200;4;Sparx Enterprise Architect
5621;1;Sparx Enterprise Architect
6544;1;XXX
6366;1;XXX
1505;1;Spectrum Protect
4496;1;XXX
3161;1;XXX
2017;1;XXX
1515;1;XXX
4443;1;SpiraTest
6016;2;SpiraTest
1671;3;Spisová Služba
1905;1;Spisová Služba
1568;6;Splunk
1480;1;Splunk
4185;4;Spock
1768;1;XXX
3193;1;TIBCO Spotfire
5563;1;TIBCO Spotfire
2546;1;XXX
2591;1;XXX
4302;1;XXX
4731;1;XXX
2590;1;XXX
2474;3;Správa sítě
3721;1;XXX
2814;1;XXX
5766;1;Sparx Enterprise Architect
2158;64;Spring
3289;1;Spring
4009;1;Spring
6306;1;Spring
3079;1;Spring
4192;9;Spring Boot
4758;1;Spring
6183;1;Spring
4221;1;Spring
6328;1;Spring
4045;1;Spring
5935;1;Spring
6193;1;Spring
3126;19;Spring Framework
3760;3;Spring
4804;1;Spring
6327;1;Spring
2260;1;Sprinx CRM
3224;3;IBM SPSS
5281;1;Spuffi
5268;1;XXX
5322;1;XXX
5841;1;Sqitch
2369;407;SQL
5194;1;SQL
3640;2;SQL Azure
5655;1;SQL
5808;1;SQL
5782;1;SQL
3351;2;SQL
4819;1;SQL
5649;1;SQL
5113;1;SQL
2914;1;SQL
2362;11;SQL Server
4350;2;SQL Server
2915;1;SQL Server
3174;1;SQL Server
6453;1;SQL Server
5984;1;SQL Server
4439;2;SQL Server
5755;1;SQL Server
3782;1;SQL Server
3120;3;SQL
4982;1;SQL
5931;1;SQL
1453;5;SQLite
4211;1;
6260;1;XXX
2397;1;XXX
3350;1;XXX
3498;1;XXX
4878;1;XXX
3142;3;XXX
4632;1;XXX
2753;1;XXX
3795;1;XXX
3141;12;SSIS
5587;1;SSIS
3704;1;SSIS
2042;2;SSL
1519;2;SSO
3143;8;SSRS
3901;1;SSRS
1735;1;Stada
3354;5;XXX
1645;1;XXX
3317;1;XXX
4777;2;XXX
3941;1;XXX
4494;1;Stateflow
3369;1;XXX
3700;5;XXX
2856;1;XXX
2658;1;XXX
4461;1;XXX
4850;1;XXX
3800;1;XXX
1609;1;StoneSoft
4990;2;StoneSoft
5989;1;SAN
2677;2;Storage Management
5990;1;Storage Management
6629;1;Storage Management
3706;1;XXX
4042;1;XXX
1797;1;XXX
1862;1;STORMWARE
2314;1;XXX
1556;1;XXX
5197;1;Strategic Plannig
2908;1;Strategic Plannig
3151;1;Strategic Plannig
3433;1;Strategic Plannig
3359;2;Strategic Plannig
3149;1;Strategic Plannig
5127;1;Strategic Plannig
6522;1;Strategic Plannig
3184;8;Strategic Plannig
1985;1;Strenuus
3308;1;XXX
4330;3;Struts
4326;1;Struts
4122;2;XXX
2708;1;XXX
4205;1;XXX
4121;2;XXX
3669;1;XXX
2712;55;Subversion
5875;2;Subversion
3503;1;Subversion
1362;2;SugarCRM
2336;2;SUN
1616;1;SUN
4729;1;SUN
1629;1;SUN
4324;1;SUN Solaris
2103;1;Supermicro
1697;2;Supermicro
5596;1;XXX
5343;1;XXX
3375;1;XXX
1593;6;SUSE Linux
2556;1;SUSE Linux
2618;1;SUSE Linux
4360;1;SUSE Linux
4398;2;SUSE Linux
3456;12;Subversion
6087;2;Subversion
3008;1;Subversion
4013;1;Subversion
2654;1;Software architecture
1433;1;Software development
5791;1;Software development
6205;2;SwaggerUI
6046;1;SwaggerUI
2066;12;Swift
3001;1;Swing
3740;5;Swing
3879;11;Switches
4700;2;Switches
4170;1;SwitchYard
1944;7;Sybase
4043;1;Sybase
1333;34;Symantec
4624;1;Symantec Antivirus
5572;1;Symantec Backup
2534;1;Symantec Endpoint Protection
2441;1;Symantec NetBackup
4123;1;Symbio
2142;1;XXX
2754;6;Symfony
4860;2;Symfony
2740;1;Symfony
2721;1;Symfony
6203;1;Symfony
2649;1;Synology
6157;1;XXX
1729;1;Sysel CS ERP
3332;3;XXX
3147;5;System Administration
5238;4;System Administration
4244;1;System Administration
3493;3;System Analysis
4995;3;System Analysis
4664;1;XXX
4471;1;System Architecture
3622;2;System Architecture
4914;1;System Architecture
5591;1;System Architecture
2428;2;SCCM
4586;1;SCCM
5397;1;XXX
4539;2;XXX
4483;1;XXX
2804;26;System Engineer
3409;1;System Engineer
5116;1;System Engineer
1583;3;System Integration
4434;1;System Modeling
1402;4;System Monitoring
3678;1;XXX
5293;1;XXX
3595;5;System Testing
5905;1;System Testing
5396;1;System Testing
6352;1;System Testing
6562;1;System Testing
2514;1;System Administration
2544;1;System Architecture
4486;1;System Integration
4748;2;System Architecture
4432;1;System Modeling
1652;1;SyteLine ERP
2709;1;XXX
5097;1;XXX
2607;1;Škoelní IT
2509;1;Škoelní IT
2805;1;IT Administrace
2214;1;XXX
2858;23;T-SQL
5823;1;T-SQL
1818;1;XXX
1928;6;Tableau
2173;1;Taleo
2331;1;Talkey
2934;2;Tapestry
3405;2;Tapmates
3404;2;XXX
4469;1;XXX
3112;1;TCP/IP
2416;41;TCP/IP
4956;1;TCP/IP
3796;1;TCP/IP
3809;1;TCP/IP
3810;1;TCP/IP
3419;3;XXX
1661;1;XXX
2324;1;XXX
1937;1;XXX
1590;1;TEAC
6438;1;XXX
6072;1;XXX
3444;1;XXX
5512;1;XXX
4935;1;XXX
5978;1;XXX
2849;1;XXX
5513;1;XXX
3592;4;XXX
3069;10;XXX
3497;4;XXX
3571;3;XXX
5488;2;XXX
5592;1;XXX
6361;1;XXX
4750;2;XXX
6517;1;XXX
5331;2;XXX
3507;2;XXX
6025;1;XXX
5528;1;XXX
5327;5;TeamCity
4691;2;TeamCity
2271;1;TeamOnline CRM
2154;1;TeamOnline EPR
4602;1;XXX
2009;2;TeamViewer
5100;2;XXX
4262;1;XXX
5998;1;XXX
4822;1;Technical Design Architect
4719;1;Technical Design Architect
5992;2;XXX
5032;1;XXX
4333;1;XXX
3439;1;XXX
5341;2;XXX
6058;2;XXX
5545;1;XXX
2926;1;XXX
5536;2;XXX
2575;1;XXX
4654;1;XXX
5700;1;Techona
1874;1;Teklynx
3185;1;XXX
1344;34;Telecommunications
2634;10;Telecommunications
3293;5;Telecommunications
2910;33;Telecommunications
4066;3;Telecommunications
3617;1;Telecommunications
1486;2;Telecommunications
4267;3;Telecommunications
3551;1;Telecommunications
2236;1;XXX
3646;1;XXX
5973;1;XXX
5067;1;XXX
1710;1;XXX
1419;5;Tenable
5845;1;XXX
3194;10;TeraData
2161;4;TeraData
3902;1;TeraData
3913;2;TeraData
6441;1;TeraData
3316;2;TeraData
3253;1;TeraData
2567;1;XXX
2101;1;XXX
3459;3;Terraform
3825;1;Terraform
3164;1;XXX
1598;1;Tessella
5292;1;Test Analysis
5300;1;Test Analysis
4236;1;Test Analysis
4551;1;Test Analysis
5264;1;Test Analysis
6584;1;Test Automation
4232;8;Test Automation
3015;6;Test Automation
4352;5;Test Automation
5273;1;Test Automation
3986;6;Test Cases
4068;5;Test Cases
4507;5;Test Cases
5881;1;Test Design
6007;1;Test Design
4287;1;Test Engineer
3975;1;Test Driven Development
4019;1;Test Driven Development
4793;1;Test Driven Development
5922;1;Test Driven Development
5956;1;Test Driven Development
4341;1;Test Engineer
6006;1;Test Execution
6540;1;Test Execution
3984;3;Test Management
5047;3;Test Management
4552;2;Test Management
6537;2;Test Management
6545;1;Test Management
4661;1;Test methodologies
6353;1;Test methodologies
6013;1;Test planning
5302;7;Test planning
3985;3;Test planning
4354;3;Test planning
5306;1;Testing
6569;1;XXX
5263;1;Testing
5317;1;Testing
2940;75;Testing
3647;1;Test Engineer
4237;1;Testing
4239;1;Testing
3494;1;Testing
6369;2;TestLink
4671;1;TestLink
5104;1;TestLink
6347;1;XXX
5775;2;XXX
6526;1;XXX
6525;1;XXX
6221;1;TestRail
6549;1;TestRail
5457;1;XXX
6160;1;XXX
2881;24;TFS
3179;1;TFS
1569;4;Thales
3584;1;XXX
5133;1;XXX
1806;1;XXX
4835;1;XXX
1675;1;XXX
1420;1;XXX
2321;1;XXX
4193;2;XXX
3080;2;TIBCO
4417;4;Tieto
5313;1;XXX
6557;1;XXX
5023;2;XXX
5478;1;XXX
2279;1;TimeLine CRM
2278;1;TimeLine ERP
3486;1;XXX
2501;1;XXX
1812;1;XXX
3727;1;IBM Tivoli
2710;1;XXX
6333;1;XXX
6334;1;XXX
3299;1;XXX
3934;1;XXX
4666;1;XXX
4137;1;XXX
3214;11;TOGAF
2281;2;TOGAF
6414;1;TOGAF
5883;2;TOGAF
5986;1;TOGAF
6574;1;TOGAF
6233;1;TOGAF
2094;1;XXX
2077;61;Tomcat
6164;1;XXX
1341;1;XXX
4792;5;Tortoise SVN
3525;3;Tosca
4674;2;Tosca
1617;2;Toshiba
2282;1;XXX
1871;1;XXX
2283;3;TPV 2000 PDM
3606;3;XXX
6379;1;XXX
4942;1;XXX
3951;3;XXX
6508;1;XXX
5756;1;XXX
4805;1;XXX
3318;1;XXX
6518;1;XXX
5101;3;XXX
5995;1;XXX
4784;1;XXX
4754;2;XXX
6409;1;XXX
6086;1;XXX
2375;2;Trello
1385;11;Trend Micro
4623;1;Trend Micro
1986;1;XXX
1619;3;Triline
4946;1;XXX
4542;11;XXX
1687;1;Trustwave
4215;2;XXX
1635;1;XXX
5680;1;XXX
6322;1;XXX
4745;1;XXX
1535;3;Tufin
1380;1;Tufin
1721;1;XXX
3399;1;XXX
5015;1;XXX
3063;1;XXX
2592;1;XXX
2518;1;XXX
4100;1;XXX
2729;2;XXX
6608;1;XXX
3936;17;TypeScript
4059;2;TypeScript
5796;1;TypeScript
3991;1;TypeScript
1700;1;XXX
3250;1;XXX
4493;1;XXX
1431;1;Ubiquiti
2711;1;Ubuntu
2444;20;Ubuntu
4269;1;Ubuntu
4801;1;XXX
3109;1;XXX
3746;8;UI
4859;1;Ui Automation
2773;9;UI Design
2244;1;UI Path
2285;1;Ui Path
5727;1;UiKit
1931;3;UiPath
3430;1;UI
5739; Select Architect;UML
2462;164;UML
3365;4;UML
6412;1;UML
5855;1;XXX
3509;3;UMTS
2235;1;XXX
6033;1;XXX
6169;2;XXX
4556;2;Unified Communications
3871;1;Unified Communications
4553;2;UML
1993;1;XXX
1850;1;XXX
5780;2;XXX
6082;1;Unit Testing
2983;3;Unit Testing
2857;2;Unit Testing
4861;1;Unit Testing
6038;1;Unit Testing
1638;1;XXX
5261;2;Unity3D
4272;4;Unity3D
4933;1;Unity3D
1811;1;Uniwise
1401;65;Unix
2395;5;Unix
3935;5;Unix
3070;1;Unix Shell Scripting
3733;1;Unix Shell Scripting
3453;5;Unix Shell Scripting
3279;1;Unix Shell Scripting
4489;1;Unix Shell Scripting
4985;1;Unix Shell Scripting
3472;1;Unix Shell Scripting
5747;1;Unix Shell Scripting
4378;1;Unreal Engine
2300;1;Untangle
4414;1;uOne
1760;1;URGO
2143;1;UROVO
3415;4;XXX
4067;3;User Acceptance Testing
4506;3;User Acceptance Testing
4436;2;UX
3750;1;UX
5105;1;UX
3562;1;UX
3690;1;UX
6125;2;User Interface Design
4090;1;User Interface Design
4109;4;User Interface Design
3689;2;User Interface Design
3749;1;User Interface Design
5103;1;XXX
6316;1;XXX
1975;1;XXX
3747;9;UX
5725;2;UX
3963;2;UX
4104;1;UX
3628;1;XXX
2157;5;Vaadin
6130;1;Vaadin
3816;3;Vagrant
1618;1;XXX
3016;1;XXX
1745;1;Valtix
3793;1;XXX
1543;1;XXX
3512;2;XXX
1608;1;Vasco
5590;3;VisualBasic
6042;1;VisualBasic
3380;1;VisualBasic
3169;8;VisualBasic
2381;1;VisualBasic
5820;1;VisualBasic
5810;1;VisualBasic
2434;26;VBA
5193;1;VBA
2477;5;VBA
3381;1;VBA
4468;1;VBA
3679;7;VBA
2548;1;XXX
1440;64;Veeam
1691;1;Veeam
6175;2;Veeam
6488;1;Vema
2304;1;Vema
3488;2;Vendavo
5870;2;Vendor Management
5498;1;Vendor Management
2215;1;Vera
2305;1;Vera
2306;1;Vera
2093;1;Verifone
1900;2;Verint
1474;7;Veritas
5754;1;Veritas
6616;1;Veritas
4821;1;Verizon
6299;1;XXX
2250;2;Vertica
2315;1;XXX
6132;1;XXX
1867;1;XXX
5767;1;XXX
6500;1;XXX
5233;1;XXX
6499;1;XXX
2947;1;XXX
2635;1;VideoConferencing
1909;2;VideoConferencing
6095;1;XXX
1624;1;ViewSonic
4853;1;Vim
4951;1;Vim
5920;1;Vipre
4520;1;Vipre
4555;1;Viptela
4084;1;XXX
3275;1;VirtualBox
1339;5;Virtualization
2827;2;Virtualization
2502;1;Virtualization
2676;19;Virtualization
6106;1;Virtualization
4320;1;Virtualization
1842;1;XXX
3177;14;Visio
4464;1;Visio
3228;2;Vision Solutions
3366;1;Vision Solutions
2323;1;Vision ERP
2014;1;Vision Solutions
5544;1;VisionApp
1839;1;Vistos CRM
5570;2;Visual
5136;1;Visual
4911;1;XXX
2968;2;Visual Analytics
2497;16;Visual Basic
6005;1;Visual Basic
6212;1;Visual Basic
2969;2;Visual Basic
2486;1;Visual Basic
2888;3;Visual C++
5057;1;Visual C++
3938;1;XXX
5383;1;XXX
6285;1;XXX
2495;31;Visual Studio
2866;10;Visual Studio
2839;4;Visual Studio
5066;1;Visual Studio
3024;1;Visual Studio
6376;1;Visual Studio
5705;1;VisualDNA
5387;1;VisualForce
6617;1;Vital Signs
3964;1;XXX
2820;1;XXX
4641;1;XXX
4534;1;XXX
2207;1;XXX
2080;1;XXX
1325;135;VMware
3728;2;VMware
4591;1;VMware
6625;1;VMware
4963;1;VMware
4585;8;VMware ESX
2510;3;VMware ESXi
2569;2;VMware Horizon
4529;1;VMware
5751;2;VMware
4530;1;VMware
4393;1;VMware SRM
2440;5;VMware vCenter
2568;2;VMware
2457;9;VMware vSphere
2557;1;VMware
5890;1;Dell VNX
1757;1;XXX
3618;1;XXX
4479;1;XXX
1345;27;VoIP
5355;2;VoIP
6411;2;VoIP
5889;1;EMC VLPEX
2629;15;VPN
2578;1;VPN
4652;1;VPN
4970;1;VPN
4972;1;VPN
2620;5;VPS
3765;2;XXX
5826;1;XXX
4734;1;XXX
2420;3;Vmware vSphere
3178;2;XXX
6247;1;XXX
3686;2;Vue.js
4116;1;Vue.js
5716;1;Vue.js
3044;4;Vue.js
4999;1;Vue.js
2725;2;Vue.js
2319;1;Vuzix
1798;1;Vxrail
6243;1;VxWorks
2826;1;XXX
4299;1;XXX
4301;2;XXX
2811;1;XXX
2586;1;XXX
2816;1;XXX
2545;1;XXX
6447;1;XXX
2341;1;WAK ERP
5375;1;WalkMe
1683;1;Wallix
2415;9;WAN
4728;2;WAN
5087;1;Wardley maps
5402;1;Warehouse Management
5440;1;Warehouse Management
5489;1;Warehouse Management
3603;1;XXX
3091;4;Waterfall
3327;1;Watch4Net
2842;21;WCF
5945;1;WCF
2862;1;WCF
1588;2;Western Digital
4979;1;XXX
3745;1;XXX
4083;1;XXX
3413;2;XXX
4977;1;XXX
6278;1;XXX
4039;1;XXX
4031;3;Web Applications
4178;1;Web Applications
2840;6;Web Applications
2854;2;Web Applications
3436;18;Web Applications
4761;7;Web Applications
4139;2;Web Applications
5199;1;Web Design
3564;18;Web Design
4582;2;Web Design
3781;4;Web Development
3484;3;Web Development
2791;1;Web Development
2833;51;Web Development
4046;7;Web Development
4504;1;Web Development
2869;1;Web Design
4409;1;XXX
5393;1;XXX
4281;1;XXX
4978;1;XXX
4730;1;Web Services
4317;1;Web Services
3843;2;Web Services
2841;5;Web Services
4755;1;Web Services
2843;20;Web Services
3889;7;Web Services
5675;1;Web Services
6424;1;Web Services
4832;1;Web Services
6582;1;Web Technologies
3987;3;Web Technologies
2930;3;Web Testing
1672;1;XXX
4143;1;XXX
5943;1;XXX
2673;1;Web Applications
2771;28;Web Applications
2275;1;XXX
2642;10;Web Design
2584;1;Web Design
2760;1;Web Design
4110;1;Web Development
5720;1;WebdriverIO
3545;3;WebDynpro
1978;1;XXX
4416;14;Weblogic
3076;3;Weblogic
3050;1;XXX
2585;1;Web services
3045;6;Webpack
4053;1;WebRTC
1390;3;Websense
1722;1;Websense
2879;1;Web services
4234;1;Web services
5792;1;Websphere
5297;2;Web development
3181;1;Web development
6336;1;WebSocket
3890;5;WebSphere
4747;3;WebSphere
4500;1;WebSphere
6483;1;WebSphere
4487;1;WebSphere
5983;2;WebSphere
4684;1;WebSphere
4685;1;WebSphere
3937;1;WebStorm
5370;1;Weka
1698;1;Western Digital
3322;1;WFMS
1684;3;Whalebone
4770;2;Wicket
3082;1;Wicket
4462;1;XXX
4583;1;XXX
6626;1;XXX
2693;1;XXX
5999;1;XXX
3397;3;WildFly
4797;1;WildFly
6605;1;XXX
3379;1;XXX
2657;1;WinCC
2292;1;Wincor Nixdorf
4759;1;Windchill
2074;41;Windows
3853;2;Windows
2480;4;Windows
2481;6;Windows
5305;2;Windows
6043;1;XXX
2484;2;XXX
5344;1;Windows
2500;3;Windows Phone
2847;1;Windows Phone
2892;1;Windows Phone
1432;40;Windows Server
3104;8;Windows Server
4311;6;Windows Server
2491;5;Windows Server
2492;6;Windows Server
2482;7;Windows Server
2483;4;Windows Server
2511;1;Windows Server
3552;1;Windows Server
4040;2;XXX
4404;1;Windows
3791;1;Windows Server
2295;1;WindWard
5944;2;WinForms
4697;2;WinSCP
3385;1;WinSockets
5165;1;Wireframes
6571;1;Wireframes
3561;3;Wireframes
4172;2;Wireframes
4727;3;Wirless Networking
4540;1;Wirless Networking
4559;1;Wirless Networking
3808;2;Wireshark
5617;1;Wirless Networking
4961;1;Wirless Networking
5697;1;XXX
2884;1;WiX
3108;1;WMI
1728;11;WMS
2559;1;XXX
2373;16;WordPress
2436;11;WordPress
4173;1;WordPress
5526;1;WordPress
6189;1;WordPress
4027;1;WordPress
5896;2;Workflow
5242;1;XXX
1926;1;WorkFusion
2997;1;XXX
5486;1;XXX
2845;20;WPF
5684;2;XXX
5576;1;XXX
4223;2;WSDL
2505;1;WSDL
2284;1;XXX
3710;3;WSUS
4570;1;XXX
2370;2;XXX
2233;1;XXX
1470;5;Xamarin
2503;1;Xamarin
5559;1;Xamarin
2893;2;XXX
6381;1;Xbench
2069;9;Xcode
4411;1;Citrix XenApp
2493;2;Citrix XenApp
2571;1;Citrix XenApp
4189;1;XXX
3426;1;XXX
1584;6;Xerox
2699;1;XFS
3167;19;XHTML
6138;1;XHTML
2239;1;Xima
6370;1;XXX
5177;1;Xmind
2490;197;XML
3266;1;XML
4682;1;XML
6079;1;XML
6163;1;XML
4426;1;XML
6116;1;XML
3023;1;XNA
5960;1;XNA
4405;2;XXX
3298;5;Xpath
3267;1;Xpath
4062;1;Xpath
4680;1;Xpath
4653;2;Xquery
4278;5;XSD
6595;1;XSLT
3838;29;XSLT
6067;1;XSLT
2199;3;Y Soft
2273;1;Y Soft
2720;2;Yii
6450;1;XXX
3961;1;XXX
5776;1;XXX
4670;1;XXX
4993;1;XXX
2342;2;Y Soft
3777;1;XXX
3814;1;XXX
5323;2;XXX
6315;1;XXX
1709;15;Zabbix
6100;1;Zabbix
2092;1;XXX
1489;10;Zebra
1766;1;XXX
2010;4;Zend Framework
3129;7;Zend Framework
6185;1;Zend Framework
4998;1;Zend Framework
6159;1;XXX
1758;1;XXX
6143;1;Zenworks
6548;1;XXX
2149;1;Zerto
3522;1;Zettabox
2700;1;XXX
2231;2;Zimbra
6311;1;XXX
3481;1;XXX
1974;1;Zoho CRM
1972;1;XXX
2346;1;Zoner
1536;2;Zoom
3713;1;Zoom
6325;1;Zowe
6326;1;Zowe
6324;1;Zowe
5717;1;Zurb Foundation
2122;2;Zutom
1575;3;Zyxel
1908;2;Zyxel
1851;1;XXX
4668;1;
4669;1;